,F-50155351,F-50155352,F-50155353,F-50155354,F-50155355,F-50155356,F-50155357,F-50155358,F-50155359,F-50155360,F-50155361,F-50155362,F-50155363,F-50155364,F-50155365,F-50155366,F-50155367,F-50155368,F-50155422,F-50155423,F-50155424,F-50155425,F-50155426,F-50155427,F-50155428,F-50155429,F-50155430,F-50155431,F-50155432,F-50155433,F-50155434,F-50155435,F-50155436,F-50155437,F-50155438,F-50155439,F-50155499,F-50155500,F-50155501,F-50155502,F-50155503,F-50155504,F-50155505,F-50155506,F-50155507,F-50155508,F-50155509,F-50155510,F-50155511,F-50155512,F-50155513,F-50155514,F-50155515,F-50155516,F-50155517,F-50155518,F-50155519,F-50155520,F-50155521,F-50155522,F-50155523,F-50155524,F-50155525,F-50155526,F-50155527,F-50155528,F-50155529,F-50155530,F-50155531,F-50155532,F-50155533,F-50155534,F-50155850,F-50155851,F-50155852,F-50155853,F-50155854,F-50155855,F-50155856,F-50155857,F-50155858,F-50155859,F-50155860,F-50155861,F-50155862,F-50155863,F-50155864,F-50155865,F-50155866,F-50155867,F-50155868,F-50155869,F-50155870,F-50155871,F-50155872,F-50155873,F-50155874,F-50155875,F-50155876,F-50155877,F-50155878,F-50155879,F-50155880,F-50155881,F-50155882,F-50155883,F-50155884,F-50155885,F-50156583,F-50156584,F-50156585,F-50156586,F-50156587,F-50156588,F-50156589,F-50156590,F-50156591,F-50156592,F-50156593,F-50156594,F-50156595,F-50156596,F-50156597,F-50156598,F-50156599,F-50156600,F-50157207,F-50157208,F-50157209,F-50157210,F-50157211,F-50157212,F-50157213,F-50157214,F-50157215,F-50157216,F-50157217,F-50157218,F-50157219,F-50157220,F-50157222,F-50157223,F-50157224,F-50158433,F-50158434,F-50158435,F-50158436,F-50158437,F-50158438,F-50158439,F-50158440,F-50158441,F-50158442,F-50158443,F-50158444,F-50158445,F-50158446,F-50158448,F-50158449,F-50158450,F-50159276,F-50159277,F-50159278,F-50159279,F-50159280,F-50159281,F-50159282,F-50159283,F-50159284,F-50159285,F-50159286,F-50159287,F-50159288,F-50159289,F-50159290,F-50159291,F-50159292,F-50159528,F-50159529,F-50159530,F-50159531,F-50159532,F-50159533,F-50159534,F-50159535,F-50159536,F-50159538,F-50159539,F-50159540,F-50159541,F-50159542,F-50159543,F-50159544,F-50159545,F-50159546,F-50159547,F-50159548,F-50159549,F-50159550,F-50159552,F-50159553,F-50159554,F-50159555,F-50159556,F-50159557,F-50159558,F-50159559,F-50159560,F-50159561,F-50159628,F-50159629,F-50159630,F-50159631,F-50159632,F-50159633,F-50159634,F-50159635,F-50159636,F-50159637,F-50159638,F-50159639,F-50159640,F-50159641,F-50159642,F-50159643,F-50159644
s__Bacillus_megaterium,0,0,0,0,0,0,0,0,0,0,0,0,0,0,0,0,0,0,0,0,0,0,0,0,0,0,0,0,0,0,0,0,0,0,0,0,0,0.09317,0,0,0,0,0,0,0,0,0,0,0,0,0,0,0,0,0,0,0,0,0,0,0,0,0,0,0,0,0,0,0,0,0,0,0,0,0,0,0,0,0,0,0,0,0,0,0,0,0,0,0,0,0,0,0,0,0,0,0,0,0,0,0,0,0,0,0,0,0,0,0,0,0,0,0,0,0,0,0,0,0,0,0,0,0,0,0,0,0,0,0,0,0,0,0,0,0,0,0,0,0,0,0,0,0,0,0,0,0,0,0,0,0,0,0,0,0,0,0,0,0,0,0,0,0,0,0,0,0,0,0,0,0,0,0,0,0,0,0,0,0,0,0,0,0,0,0,0,0,0,0,0,0,0,0,0,0,0,0,0,0,0,0,0,0,0,0,0,0,0,0,0,0,0,0,0,0,0,0,0,0,0,0,0,0,0,0,0
s__Bacillus_aryabhattai,0,0,0,0,0,0,0,0,0,0,0,0,0,0,0,0,0,0,0,0,0,0,0,0,0,0,0,0,0,0,0,0,0,0,0,0,0,0.24381,0,0,0,0,0,0,0,0,0,0,0,0,0,0,0,0,0,0,0,0,0,0,0,0,0,0,0,0,0,0,0,0,0,0,0,0,0,0,0,0,0,0,0,0,0,0,0,0,0,0,0,0,0,0,0,0,0,0,0,0,0,0,0,0,0,0,0,0,0,0,0,0,0,0,0,0,0,0,0,0,0,0,0,0,0,0,0,0,0,0,0,0,0,0,0,0,0,0,0,0,0,0,0,0,0,0,0,0,0,0,0,0,0,0,0,0,0,0,0,0,0,0,0,0,0,0,0,0,0,0,0,0,0,0,0,0,0,0,0,0,0,0,0,0,0,0,0,0,0,0,0,0,0,0,0,0,0,0,0,0,0,0,0,0,0,0,0,0,0,0,0,0,0,0,0,0,0,0,0,0,0,0,0,0,0,0,0,0
s__Dorea_sp_CAG_317,0.14538,0.03755,0.07057,0,0.02071,0.18617,0,0,0.02667,0.13416,0.10634,0.23995,0.07603,0.11734,0.13243,0.07365,0.06431,0.16522,0.07819,0.13236,0,0.06621,0.13452,0,0.05616,0,0,0.01763,0,0.04582,0,0,0.02512,0,0.10356,0.12509,0.03752,0,0,0.01939,0.0738,0.04682,0,0.06143,0.00303,0,0,0.17492,0,0.10996,0.09812,0.0765,0.03206,0.01054,0.31049,0.00488,0,0.64181,0.01975,0,0,0,0,0.02332,0,0,0.00609,0,0.00321,0.01947,0,0,0.06172,0.38936,0.14694,0.9064,0.06855,0.03518,0,0.0732,0.54584,0,0.16608,0.15809,0.5297,0.1966,0,0.29613,0,0.25913,0,0,0,0,0,0.02728,0,0,0,0,0,0,0,0,0,0.05704,0,0.03585,0.25813,0.08642,0.10499,0.11033,0.03603,0.1836,0.05584,0.02836,0.06534,0.10608,0,0,0.00905,0.20222,0.08057,0,0.1232,0,0.00714,0.00938,0,0,0,0,0.08855,0.03279,0,0,0,0.02095,0.0433,0.05863,0,0,0,0,0.49388,0,0.01225,0.5202,0,0,0.30394,0.03914,0.60474,0.45979,0.33375,0.03853,0.31891,0,0,0.56186,0,0,0,0.02409,0,0,0,0,0.11935,0,0,0,0,0.11308,0,0,0,0,0,0,0,0,0,0.0298,0,0,0.423,0,0.04995,0.04301,0,0.15253,0.01784,0.02304,0.03502,0.08914,0.10723,0,0.02321,0,0,0,0,0,0,0,0,0,0.16258,0.04899,0.01965,0.01627,0,0.15729,0.20743,0,0,0,0,0,0,0.03367,0.15957,0.05897,0.0948,0.09253
s__Blautia_wexlerae,0,0,0,0,0,0,0,0,0.0685,0,0,0,0,0,0,0,0,0.02071,0,1.22472,0,0,0,0,1.21697,0,0,0,0,0.01048,0,0.06832,0.00607,0.01352,0,0,0.05669,0,0,0,2.40399,0.04873,0.02248,0,0,0,0,0,0,0,0,0,0.16319,0,0,0,0.15361,0,0.00685,0,0,0,0,0,1.22165,0,0.07334,0,0,0.61279,0,0,0,0,0,0.51531,0,0,0,0,0.25519,0.22794,0,0.26542,0,0.83442,0,0,1.62875,0,0,0,0,0,0,0,0.02415,0,0,0,0,0,0,0,0,0,0,0.35066,0,0,0,0,0,0,0,0.03429,0,0.77694,0,0,0,0,0,0,0,0,0,0,0,0.06541,0,0,0.01917,0,0.34401,0.47753,0,0.14347,0,0.55994,0,0,0,0,0,0,0,0,0.19573,0,0.02084,0,0,0,0,0,0.08489,0,0,0,0,0,0,0,0,0,0,0.00183,0,0,0,0,0,0,0,0,0,0,0,0,0,0,0,0.17083,0,0,0,0,0,0.12816,0,0,0,0,0,0,0,0,0,0,0,0,0,0,0,0,0,0,0,0,0,0,0,0,0,0,0,0,0,0,0,0,0,0.00587,0,0.10679
s__Blautia_hansenii,7.58534,1.19409,1.01543,11.62152,4.81666,1.66043,0.86151,9.50461,11.71412,7.47771,6.58939,17.06708,1.44955,1.24212,8.63682,2.72643,6.48342,7.09476,3.54243,2.83847,14.26098,3.86739,1.63921,0,7.35251,1.04487,4.65814,1.51014,0.91484,3.1891,8.21671,2.3154,1.85096,1.11232,8.02419,2.93024,1.40722,0.02023,9.43609,0.55787,0.54785,3.00073,3.13369,2.59117,13.01404,1.22558,0.27716,3.97941,1.85194,1.21147,2.09707,9.71352,3.99547,1.79172,1.89122,1.13243,6.58187,6.14521,0.81082,4.82851,0.92479,0.80703,1.28367,0.41877,2.37588,1.39952,2.88297,5.46341,0.60183,1.9178,1.08275,4.92081,0.47391,3.80118,2.16469,5.4417,5.60858,15.75056,1.32481,10.13214,4.78604,1.52743,2.87845,1.79364,9.13469,0.57116,0.36791,3.73163,1.65008,1.32144,0.16206,0,0.29108,0.0361,0.04375,1.96678,0.1318,0,0.07885,0.09526,2.67475,0.02099,0.07486,0.62586,0,2.35806,0.03465,1.40319,5.46687,1.57816,5.80059,1.39736,8.59627,18.80802,1.63058,5.34665,0.74071,3.00993,0.46235,6.75935,3.53751,8.28059,1.10583,2.60177,3.78518,0.88662,0.69128,3.09195,0,0.61134,1.59874,0.2378,0.97177,1.50742,0.44188,0.21294,4.18143,1.24692,0,2.11752,0,0.31555,1.28144,0.02891,3.77488,0,5.06455,2.38931,5.13506,7.49791,2.40184,0.75314,13.1416,4.65402,5.05978,0.66296,7.17293,0.06924,6.28944,9.19109,0,0,0.02002,11.63974,0.13873,0,0,0.86706,2.40137,0,0.01601,0,0,0,1.24804,0,0,0.00122,0,0.01422,0.11182,1.09688,0,6.87436,0.16404,0,1.17301,0,1.38489,3.96796,0.69972,2.07301,0.96213,2.12572,0.4656,1.9358,1.4673,1.00377,9.10079,0,1.49867,0.00925,0.01383,0,0,0.0023,0.2606,0.11361,1.30915,2.89244,3.64005,11.68142,5.68453,1.52138,2.80938,0.0057,0.05009,0,0.0548,0.06386,0,1.38998,3.32739,0.97079,0.52229,3.66556
s__Gemmiger_sp_An194,0,0,0,0,0,0,0,0,0,0,0,0,0,0,0.0378,0,0,0,0,0,0,0,0,0,0,0,0,0,0,0,0,0,0.00899,0,0,0,0.00766,0,0,0.0389,0.06111,0,0,0.1502,0,0,0,0,0,0,0,0,0,0,0,0.0085,0,0,0,0,0,0,0,0,0,0,0,0,0,0,0,0,0,0,0,0,0,0,0,0,0,0,0,0,0,0,0,0,0,0,0,0,0,0,0,0,0,0,0,0,0,0,0,0,0,0,0,0,0,0,0,0,0,0,0,0,0,0,0,0,0,0,0,0,0,0,0,0,0,0,0,0,0,0,0,0,0,0,0,0,0,0,0,0,0,0,0,0,0,0,0,0,0,0,0.05009,0,0,0,0,0,0,0,0,0,0,0,0,0,0,0,0,0,0,0,0,0,0,0,0,0,0,0,0,0,0,0,0,0,0,0,0,0,0,0,0,0,0,0,0,0,0,0,0,0,0,0,0,0,0,0,0.00122,0,0,0,0,0,0,0,0,0,0,0,0,0,0,0
s__Blautia_sp_CAG_257,0.87283,0.36104,0.46129,0.04225,1.66415,1.18241,0.05478,0.15235,0.68575,3.21279,1.10217,1.51055,0.03921,0.11103,0.58971,0.03848,0.18393,0.65,0.6396,3.49123,0.01191,0.66892,0.25578,0,3.92498,0.25856,0.69928,0.786,0.24146,1.17648,0,0.12245,0.27169,0.20726,0.20988,0.76207,0.266,0,0.03441,0.27497,1.36645,0.38102,0.36647,0.69134,1.46372,0.22877,0,1.32824,0.05735,0.37551,0.17243,0.0866,0.514,1.10219,3.01788,0.35422,0.31858,5.97657,0.30096,0.32998,0.19148,0.3152,0.39876,0.32365,0.72043,0.25206,0.40393,0.45164,0.20339,0.97318,0.28596,0.21784,0.17789,3.00061,0.77653,3.50691,3.39837,0.94099,0.1239,2.08567,5.06891,0.10987,2.06537,2.52717,9.02891,0.68226,0.08347,1.85201,5.02819,0.7285,0.00728,0,0.0165,0,0.04403,1.83894,2.64868,0,0.18025,0.44745,0.01336,0.57151,0.08765,0.01957,0,2.0276,0.29595,1.38289,1.53679,0.51496,2.4937,1.70981,0.26879,1.38194,0.30276,1.64754,0.50742,2.86328,0.05591,1.61534,0.2469,0.76652,0.15571,0.69353,0.95417,0.29443,6.15672,29.38891,0.00881,2.04449,0.76906,1.4018,2.41392,2.77472,3.08969,0.66973,1.84372,14.29884,0.85013,3.99379,0,0.45365,0.11564,1.68855,3.03479,10.4084,2.35423,2.07989,0.83019,5.84755,0.30374,0.56456,3.87522,6.69584,4.24279,0.27805,3.3175,0,3.58243,5.2168,0,0,0.0321,0.07129,0.23653,0,0,0.03849,0.92544,0,0,0.00274,0,2.5904,0.16359,0.2785,0.65183,0,0,0,0.03874,0.55769,0,1.93415,2.91152,0,0.66504,0,0.32539,0.45656,0.05347,0.44561,0.38198,0.25482,0.28832,0.8525,0.92955,0.23334,0.54472,0,0.05001,0.38708,0.04119,0,0,0.02829,0.12696,0,0.31012,0.19121,1.3926,2.47635,0.3599,1.22919,2.1205,0,0,0,0.44422,0,0,0.32067,0.39606,0.28997,0.49301,0.9531
s__Blautia_sp_N6H1_15,0,0,0,0,0,0,0,0,0.1602,0,0,0,0,0,0,0,0,0,0,0,0,0,0,0,0,0,0,0,0,0,0,0,0,0,0,0,0,0,0,0,0,0,0,0,0,0,0,0,0,0,0,0,0,0,0,0,0,0,0,0,0,0,0,0,0,0,0,0,0,0,0,0,0,0,0,0,0,0,0,0,0,0,0,0,0,0,0,0,0,0,0,0,0,0,0,0,0,0,0,0,0,0,0,0,0,0,0,0,0,0,0,0,0,0,0,0,0,0.0925,0,0,0,0,0,0,0,0,0,0,0,0,0,0,0,0.00284,0,0,0,0.23198,0,0,0,0,0,0,0,0,0,0,0,0,0,0,0,0,0,0,0,0,0,0,0,0,0,0,0,0,0,0,0,0,0,0,0,0,0,0,0,0,0,0,0,0,0,0,0,0,0,0,0,0,0,0,0,0,0,0,0,0,0,0,0,0,0,0,0,0,0,0,0,0,0,0,0,0,0,0,0,0,0,0,0,0,0,0,0,0
s__Ruminococcus_gnavus,6.84909,2.58789,9.30619,2.52858,4.77018,3.326,4.45705,5.54785,5.44769,8.42792,10.29333,3.09489,1.58394,1.93264,19.71042,2.02093,7.44626,14.03896,15.16851,6.49939,6.38757,9.94281,4.52176,0.02013,17.96111,4.18569,12.8845,12.16723,7.0984,10.93851,5.48767,10.13208,12.85951,5.44435,15.95178,4.62546,18.24565,0,36.35546,7.72128,7.18258,21.66439,23.89453,9.96532,30.38,14.58904,1.34267,16.24734,5.98842,4.98753,17.34387,19.07289,2.73663,12.15089,7.1431,3.64079,22.98553,18.34582,2.57184,8.89315,6.60134,3.10698,3.86376,0.47998,16.51803,2.12695,6.40546,9.86657,2.34265,8.20642,4.64607,8.94895,1.78272,4.85421,8.2787,8.59085,9.06707,4.67153,5.31326,68.82003,9.56119,7.38298,15.57274,4.48336,13.38126,2.11347,1.20952,3.22002,12.30869,5.94927,0.94055,0,0.45941,0.00721,0.03027,17.96391,6.86849,0.00818,1.08079,2.20989,6.59328,1.50347,0.41932,0.54978,0.26509,23.38693,11.56877,3.68451,3.41067,2.16901,4.99932,1.82101,0.77695,7.33817,2.55256,11.23245,1.8226,6.01697,40.90324,10.00575,4.02314,3.92422,1.60086,15.0315,5.60139,1.17939,0.45356,1.55837,0,0.80734,1.94819,0.88382,0.58751,4.21901,1.91099,0.78726,2.85759,0.97151,0,7.29845,0,0.77646,0.81609,2.2652,4.42128,1.80447,6.53725,3.94785,9.30865,7.20385,10.78298,0.69507,4.9557,12.94121,5.07843,1.39543,25.89682,0,22.29549,2.43739,0.06758,0,0,1.8494,3.6646,0,0,0.05757,2.36778,0,2.02447,0.05153,0.1194,1.01082,0.56399,0.95266,0.49496,0.08577,0.02179,0.00894,0.40055,1.21162,0,16.57203,2.73147,0.05892,17.48255,0,9.16527,8.68326,7.53261,17.36108,10.31258,17.69118,3.57288,8.49461,7.55252,7.92057,2.73372,0,6.41642,0.32486,0.14629,0.01075,0.00557,1.08859,0.48816,0.04625,14.00161,9.83952,5.64862,34.8267,17.17695,6.68341,12.96902,0,0.01966,0,0,0,0,11.71418,13.63461,6.55174,10.23488,17.81995
s__Thermus_scotoductus,0,0,0,0,0,0,0,0,0,0,0,0,0,0,0,0,0,0,0,0,0,0,0,0,0,0,0,0,0,0,0,0,0,0,0,0,0,0.0719,0,0,0,0,0,0,0,0,0,0,0,0,0,0,0,0,0,0,0,0,0,0,0,0,0,0,0,0,0,0,0,0,0,0,0,0,0,0,0,0,0,0,0,0,0,0,0,0,0,0,0,0,0,0,0,0,0,0,0,0,0,0,0,0,0,0,0,0,0,0,0,0,0,0,0,0,0,0,0,0,0,0,0,0,0,0,0,0,0,0,0,0,0,0,0,0,0,0,0,0,0,0,0,0,0,0,0,0,0,0,0,0,0,0,0,0,0,0,0,0,0,0,0,0,0,0,0,0,0,0,0,0,0,0,0,0,0,0,0,0,0,0,0,0,0,0,0,0,0,0,0,0,0,0,0,0,0,0,0,0,0,0,0,0,0,0,0,0,0,0,0,0,0,0,0,0,0,0,0,0,0,0,0,0,0,0,0,0
s__Eubacterium_hallii,0,0,0,0,0,0,0,0,0,0,0,0,0,0,0,0,0,0,0,0,0,0,0,0,0,0,0,0,0,0,0.33977,0,0,0,0,0,0,5.16018,0,0,0,0,0,0,0,0,0,0,0,0,0,0,0,0,0,0,0,0,0,0,0,0,0,0,0,0,0,0,0,0,0,0,0,0,0,0,0,0,0,0,0,0,0,0,0,0,0,0,0,0,0,0,0,0,0,0,0,0,0,0,0.42093,0,0,0,0,0,0,0,0,0,0,0,0,0,0,0,0,0,0,0,0,0,0,0,0,0,0,0,0,0,0,0,0,0,0,0,0,0,0,0,0,0,0,0,0,0,0,0,0,0,0,0,0,0,0,0,0,0,0,0,0,0,0,0,0,0,0,0,0,0,0,0,0,0,0,0,0,0,0,0,0,0,0,0,0,0,0,0,0,0,0,0,0,0,0,0,0,0,0,0,0,0,0,0,0,0,0,0,0,0,0,0,0,0,0,0,0,0,0,0,0,0,0,0,0,0
s__Tyzzerella_nexilis,0,0,0,0,0,0,0,0,0,0,0,0,0,0,0,0,0,0,0,0,0,0,0,0,0,0,0,0,0,0,0,0,0,0,0,0,0,0,0,0,0,0,0,0,0.0063,0,0,0,0,0,0,0,0,0,0,0,0,0,0,0,0,0,0,0,0,0,0,0,0,0,0,0,0,0,0,0,0,0,0,0,0,0,0,0,0,0,0,0,0,0,0,0,0,0,0,0,0,0,0,0,0,0,0,0,0,0,0,0,0,0,0,0,0,0,0,0,0,0,0,0,0,0,0,0,0,0,0,0,0,0,0,0,0,0,0,0,0,0,0,0,0,0,0,0,0,0,0,0,0,0,0,0,0,0,0,0,0,0,0,0,0,0,0,0,0,0,0,0,0,0,0,0,0,0,0,0,0,0,0,0,0,0,0,0,0,0,0,0,0,0,0,0,0,0,0,0,0,0,0,0,0,0,0,0,0,0,0,0,0,0,0,0,0,0,0,0,0,0,0,0,0,0,0,0,0,0
s__Enterococcus_hirae,0,0,0,0,0,0,0,0,0,0,0,0,0,0,0,0,0,0,0,0,0,0,0,0,0,0,0,0,0,0,0,0,0,0,0,0,0,0,0,0,0,0,0,0,0,0,0,0,0,0,0,0,0,0,0,0,0,0,0,0,0,0,0,0,0,0,0,0,0,0.03428,0,0,0,0,0,0.10967,0,0,0,0,0,0,0,0,0,0,0,0,0,0,0,0,0,0,0,0,0,0,0,0,0,0,0,0,0,0,0,0,0,0,0,0,0,0,0,0,0,0,0,0,0,0,0,0,0,0,0,0,0,0,0.05947,0,0,0,0,0,0,0,0,0,0,0,0,0,0,0,0,0,2.06925,0.15256,0,0.03169,0,0.4665,0,0,0,0,0,0,0,0,0,0,0,0,0,0,3.2288,0,0,0,0,0,0,0,0,0,2.89451,0,0,0,0,0,0,0,0,0,0,0,0,0,0,0,0,0,0.02491,0,0,0,0.00668,0,0,0,0,0,0,0,0,0,0,0,0,0,0,0,0,0,0,0,0,0,0,0,0,0
s__Clostridium_baratii,0,0,0,0,0,0,0,0,0,0,0,0,0,0,0,0,0,0,0,0,0,0,0,0,0,0,0,0,0,0,0,0,0,0,0,0,0,0,0,0,0,0,0,0,0,0,0,0,0,0,0,0,0,0,0,0,0,0,0,0,0,0,0,0,0,0,0,0,0,0,0,0,0,0,0,0,0,0,0,0,0,0,0,0,0,0,0,0,0,0,0,0,0,0,0,0,0,0,0,0,0,0,0,0,0,0,0,0,0,0,0,0,0,0,0,0.00765,0,0,0,0,0,0,0,0,0,0,0,0,0,0,0,0,0,0,0,0,0.55667,0,0,0,0,0,0,0,0,0,0,0,0,0,0,0,0,0,0,0,0,0,0,0,0,0,0,0,0,0,0,0,0,0,0,0,0,0,0,0,0,0,0,0,0,0,0,0,0,0,0,0,0,0,0,0,0,0,0,0,0,0,0,0,0,0,0,0,0,0,0,0,0,0,0,0,0,0,0,0,0,0,0,0,0,0,0,0,0,0
s__Eubacterium_limosum,0,0,0,0,0,0,0,0,0,0,0,0,0,0,0,0.0869,0,0,0,0,0,0,0,0,0,0.05031,0,0,0,0,0,0,0,0,0,0,0,0,0,0,0,0,0,0,0,0,0.01766,0,0,0,0,0,0,0,0,0,0,0,0,0,0,0,0,0,0,0,0,0,0,0,0,0,0,0,0,0,0,0,0,0,0,0,0,0,0,0.00556,0,0.00183,0,0,0,0,0,0,0,0,0,0,0,0,0,0,0,0,0.30496,0.06067,0.02511,0,0,0,0,0,0,0,0,0,0,0,0.03567,0,0,0,0,0.35604,0,0.02616,0,0,0,0,0,0,0,0,0,0,0,0,0,0,0,0,0,0,0,0.48099,0,0,0,0,0,0,0,0,0,0,0,0,1.07413,0.06266,0,0,0.00086,0,0,0,0,0,0,0,0.15052,0,0,0.28649,0,0,0.02834,0,0,0,0,0,0,0,0.32252,0,0,0,0,0,0.14541,0,0.27588,0.0661,0.23516,0.02719,0.02226,0,0,0,0,0,0.02426,0,0,0.13171,0,0,0.06456,0,0,0,0,0,0.00254,0,0,0,0,0,0,0,0,0,0.01652,0
s__Eubacterium_eligens,0,0,0,0,0,0,0,0,0,0,0.01748,0,0,0,0,0,0,0,0,0,0,0,0.16725,0,0,0,0,0,0,0,0,0,0,0.01671,0,0,0,0,0,1.0985,1.36102,0,0,0,0,0,0,0,0,0.03102,0,0,0,0,0,0,0,0,0,0,0,0,0,0,0,0,0.21474,0,0,0,0,0,0,0,0,0,0,0,0,0,0,0,0,0,0,0,0,0,0,0,0,0,0,0,0,0,0,0,0,0,0,0,0,0,0,0,0,0,0,0,0,0,0,0,0,0,0,0,0,0,0,0,0.07662,0,0,0,0,0,0,0,0,0,0,0,0,0,0,0,0,0,0,0,0,0,0,0,0,0,0,0,0,0.07028,0,0,0,0,0,0,0,0,0,0,0,0,0,0,0,0,0,0,0,0,0,0,0,0,0,0,0,0,0,0,0,0,0,0,0,0,0.00404,0,0,0,0,0,0,0,0,0,0,0,0,0,0,0,0,0,0,0,0,2.58224,0,0,0,0,0,0,0,0,0,0,0,0,0,0,0.13001,0
s__Prevotella_copri,0.41856,0.73512,1.49056,0,0,2.517,0,0,0,2.8404,2.62889,0,0,1.24369,0,0.33416,0,4.78414,0.44672,2.39288,0,0.92268,2.73564,0,0.79879,0.04757,0,5.57497,0.69255,1.02452,0.03347,0.01172,2.89452,0.07074,3.76492,2.61789,6.52437,0,2.82101,7.33823,57.33218,0.3303,0,24.66324,0,0.06373,0,1.51334,0.2788,1.74346,1.74274,18.29975,1.29903,0.01258,6.52938,0.86221,0.25676,13.33409,8.52025,0.43642,0.00179,0.8464,0.00384,0.18144,9.49662,0.47622,0.85227,0.0767,0.51914,0.64906,1.30197,0.39939,0,0.09337,0,0.21127,0,0,0,0,0.17012,0,0.46237,0.52027,0.44705,1.34874,0,0,0.02384,0.12543,0,0,0,0,0,0.01229,0,0,0,0.00933,0,0.04092,0,0,0,0,0.08897,6.47976,0,0.73058,0.00353,1.08247,0,0,3.35266,0.2103,0.1878,0.03822,0.07918,4.05078,0.26901,0,2.65741,0.07333,0.22985,0,0.20493,0,0,0.01514,0,0,0.00336,0.0444,0,0,0,0,0,0.60192,0,0,0,0,0.01723,0,0,1.13123,0,0,0.14526,1.86588,4.00248,0.18527,6.12764,0.01775,0.40848,0,0,0.7731,0,0,0,0,0,0,0,0,0.06682,0,0,0,0,0,0,0,0,0,0.01746,0,0,0,0,0,0.0512,0,0.03869,0,0.59551,0.50631,0,4.14337,0.3726,0.48837,0.11344,3.00124,1.16891,1.83224,0,0,0.01081,0,0,0,0,0,0,0,0.05862,7.28226,5.47764,0.29304,0.27163,6.36959,1.06545,0,0,0,0,0,0,3.90284,23.0594,5.11489,5.57332,4.5515
s__Enterococcus_mundtii,0,0,0,0,0,0,0,0,0,0,0,0,0,0,0,0,0,0,0,0,0,0,0,0,0,0,0,0,0,0,0,0,0,0,0,0,0,0,0,0,0,0,0,0,0,0,0,0,0,0,0,0,0,0,0,0,0,0,0,0,0,0,0,0,0,0,0,0,0,0,0,0,0,0,0,0,0,0,0,0,0,0,0,0,0,0,0,0,0.64545,0,0,0,0,0,0,0,0,0,0,0,0,0,0,0,0,0,0,0,0,0,0,0,0,0,0,0,0,0,0,0,0,0,0,0,0,0,0,0,0,0,0,0,0,0,0,0,0,0,0,0.13869,0,0,0,0,0,0,0,0,0,0,0,0,0,0,0,0,0,0,0,0,0,0,0,0,0,0,0,0,0,0,0,0,0,0,0,0,0,0,0,0,0,0,0,0,0,0,0,0,0,0,0,0,0,0,0,0,0,0,0,0,0,0,0,0,0,0,0,0,0,0,0,0,0,0,0,0,0,0,0,0,0,0,0,0,0,0
s__Lactobacillus_oris,0,1.1083,0.21281,0,0,0,0,0,0,0,0,0,0.0238,0,0,0.08963,0,0,0,0,0,0,0,0,0,0,0,0,0,0,0,0,0,0,0,0,0,0,0,0,0,0,0,0,0,0,0,0,0,0.23178,0.03882,0,0,0,0,0,0,0,0,0,0,0,0,0,0,0,0,0,0,0,0,0,0,0,0.08179,0,0,0,0,0,0,0,0,0,0,0,0,0,0,0,0,0,0,0,0,0,0,0,0,0,0,0,0,0,0,0,0,0,0.03594,0,0,0,0,0,0,0,0,0,0,0,0,0,0,0,0,0,0,0,0,0,0,0.07941,0,0,0,0,0,0,0,0,0,0,0,0,0,0,0,0,0,0,0,0,0,0,0,0,0,0,0,0,0.30909,0,0,0,0,0,0,0,0,0,0,0,0,0,0,0,0,0,0,0,0,0,0,0,0,0,0,0,0,0,0,0,0,0,0.05654,0,0,0,0,0,0,0,0,0,0,0,0,0,0,0,0,0,0,0,0.80797,0,0,0,0,0,0,0,0,0,0,0
s__Anaerostipes_hadrus,0,0,0,0,0,0,0,0,0,0,0,0,0,0,0,0,0,0,0,0.19016,0,0,0,0,0.09229,0,0,0,0,0,0,0,0.06702,0,0,0,0.00234,0,0,0,0.00777,0,0,0,0,0,0,0,0,0,0,0,0,0,0,0,0.0064,0,0,0,0,0,0,0,0.63614,0,0,0,0,0,0,0,0,0,0,0,0,0,0,0,0,0,0,0,0,0.68381,0,0,0,0,0,0,0,0,0,0,0,0,0,0,0,0,0,0,0,0,0,0,0,0,0,0,0,0,0,0,0,0,0,0,0,0,0,0,0,0,0,0,0,0,0,0,0,0,0,0,0,0,0,0,0,0,0,0,0,0,0,0,0,0,0,0,0,0,0.08698,0,0,0,0,0,0,0,0,0,0,0,0,0,0,0,0,0,0,0,0,0,0,0,0,0,0,0,0,0,0,0,0,0,0,0,0,0,0,0,0,0,0,0,0,0,0,0,0,0,0,0,0,0,0,0,0,0,0,0,0,0,0,0,0,0,0,0,0,0.09579,0,0
s__Enterococcus_cecorum,0,0,0,0,0,0,0,0,0.29823,0,0,0,0,0,0,0,0,0,0,0,0,0.02314,0,0,0,0,0,0,0,0,0,0,0,0,0,0,0.07657,0,0,0,0,0,2.2423,0,0,0,7.26881,0,0.06253,0,0,0,0,0,0,0,0,0,0,0,0,0,0.00319,6.50753,0,0,0,0,0,0,0,0,0,0,0,0,0,0,0,0,0,0,0,0,0,0,0,0,0.31156,0,0,0,0,0,0,0,0,0,0,0,0,0,0,0,0,0,0,0,0,0,0,0,0,0,0.20559,0,0.96725,0,0,0,0,0,0,0,0,0,0,0,0,0,0,0,0.31549,0,0,0,0.18987,0,0,0,0,0,0.01966,0,0.30392,0,0.09818,0.02519,0,0,0,1.83893,0,0,0,0.31396,0,0,0,0,0,0,0,0,0,0,0,0,0,0,0,0,0,0,0,0,0,0,0,0,0,0,0,0,0,0,0,0,0,0.22012,0,0,0,0.12202,0,0,0,0,0,0,5.12166,0,0,0,0,0,0,0,0,0,0,0,0,0,0,0,0,0,0,0,0,0,0,0,0,1.09666
s__Clostridium_sp_CAG_58,4.83782,0.01741,0.21843,0.22764,0.02111,0.53298,0,0,0,0.3697,0.63354,0.25177,9.57885,0.30732,1.68885,1.60391,2.68294,0.36489,0,0.19868,0,0.16417,0.22087,0,0.13879,0,0.08548,0.16506,0,0.00464,0,0,0.33906,0,1.15341,1.77291,0,0,0,0.04602,0.66571,0,0,0.25251,0.25387,0.04987,0,1.5407,0,0.16306,0.2107,0.16055,0,0,0.1668,0.038,0,0.15463,0,0,0,0.00767,0,0,0,0,0,0.01025,0,0,0,0.02452,0,0.09083,0,0.04498,0,0.02894,0,0.05106,0.8407,0,0.16967,0.02623,0.5593,0.0627,0,0.30932,0,0.00771,0,0,0,0,0,0,0,0,0,0,0,0,0,0,0,0.03009,0,0,0,0,0.51451,0.00997,0.03657,0.63831,0.11619,0,0,0.12713,0,0.0801,0,0.09727,0.14663,0.11928,0,0.1571,0,0.09839,0,0,0,0.00853,0,0,0,0,0,0.0037,0,1.50315,0,0.05172,0,0,0.06703,0,0.07949,0,0,0,0.14505,0.02326,1.23033,0.10499,0.34235,0,0.05229,0,0,0.10573,0,0,0,0.00548,0,0,0,0,0.77827,0,0,0,0,0,0,0,0,0,0,0,0,0,0,0,0,0,0.40367,0,0.04728,0,0,0.08921,0,0,0,0,0.04102,0,0,0,0,0,0,0,0,0,0,0,0,0,2.1576,0,0,0.30123,0.13401,0,0,0,0,0,0,0.09127,0.75635,0.08045,0.01844,0.09938
s__Enterococcus_faecium,0,0,0,0,0,0,0,0,0,0,0,0,0,0,0,0,0,0,0,0,0,0,0,0,0,0,0,0,0,0,0,0,0,0,0,0,0,0,0,0,0,0,0,0,0,0,0,0,0,0,0,0,0,0,0,0,0,0,0,0,0,0,0,0,0,0,0,0,0,0,0,0,0,0,0,0,0,0,0,0,0,0,0,0,0,0,0,0,19.35215,0,0,0,0,0,0,0,0,0,0,0,0,0,0,0,0,0,0,0,0,0,0,0,0,0,0,0,0,0,0,0,0,0,0,0,0,0,0,0,0,0,0,0,0,0,0,0,0.37324,0,0,0,0,0,0,0,0.0066,0,0,0,0,0.00981,0,0,0,0,0,0,0,0,0,0,0,0,0.04419,0,0,0,0,0,0,0,0,0,0,0,0,0,0,0,0,0,0,1.1842,0,0,0,0,0,0,0,0,0,0,0,0,0,0.17666,0.06112,0,0,0,0,0,0,0,0,0,0,0,0,0,0,0,0,0,0,0,0,0,0,0,0,0,0,0,0,0
s__Clostridium_sp_CAG_299,0.4967,0.10761,0.21045,0.53416,0.04335,0.36653,0,0.05832,0,0.32905,0.67851,1.45971,0.83338,0.25017,1.07394,0.53897,0.45509,0.54035,0.00947,0.41733,0,0.26205,0.1741,0,0.68551,0,0.1423,0.2702,0,0.3832,0,0.03123,0.20598,0.03616,0.90105,1.81055,0.23439,0,0,0,0.44394,0.02574,0,0.3785,0.53815,0,0,0.76996,0,0.13117,0.12147,0.86377,0.12552,0,0.29435,0.06901,0.12476,0.53651,0.03779,0,0,0.01711,0.01007,0.08234,0.09589,0,0.23575,0.1594,0,0.03521,0.09573,0.11905,0,0.56109,0.04343,0.1455,0.12668,0.00698,0,0.30315,0.74356,0,0.21244,0.29899,0.38979,0.24065,0,0.48474,0,0.03337,0,0,0,0,0,0,0,0,0,0,0,0,0,0,0,0,0.00143,0,0,0.1128,0.40388,0,0,0.40193,0.18132,0.26417,0,0.25905,0,0.04577,0,0.16828,0.07203,0.20494,0,0,0,0.02337,0,0,0,0,0,0.35032,0,0,0,0,0,0.59814,0,0,0,0,0.34135,0,0,0.0097,0,0,0.36628,0.10299,1.5615,0.40984,0.40919,0,0.29886,0,0,0.63542,0,0,0,0,0,0,0,0,0.24196,0,0,0,0,0,0,0,0,0,0,0,0,0,0,0.11796,0,0,0.40318,0,0,0,0,0.09104,0.18255,0,0,0.07676,0.04739,0,0,0,0,0.07908,0,0,0,0,0,0,0,0,1.22621,0.15057,0.00611,0.2634,0.04466,0,0,0,0,0,0,0.15046,0.52472,0.13589,0.15909,0.41042
s__Streptococcus_canis,0,0,0,0,0,0,0,0,0,0,0,0,0,0,0,0,0,0,0,0,0,0,0,0,0,0,0,0,0,0.01019,0,0,0,0,0,0,0,0,0,0,0,0,0,0,0,0,0,0,0,0,0,0,0,0,0,0,0,0,0,0,0,0,0,0,0,0,0,0,0,0,0,0,0,0,0,0,0,0,0,0,0,0,0,0,0,0,0,0,0,0,0,0,0,0,0,0,0,0,0,0,0,0,0,0,0,0,0,0,0,0,0,0,0,0,0,0,0,0,0,0,0,0,0,0,0,0,0,0,0,0,0,0,0,0,0,0,0,0,0,0,0,0,0,0,0,0,0,0,0,0,0,0,0,0,0,0,0,0,0,0,0,0,0,0,0,0,0,0,0,0,0,0,0,0,0,0,0,0,0,0,0,0,0,0,0,0,0,0,0,0,0,0,0,0,0,0,0,0,0,0,0,0,0,0,0,0,0,0,0,0,0,0,0,0,0,0,0,0,0,0,0,0,0,0,0,0
s__Eubacterium_callanderi,0,0,0,0,0,0,0,0,0,0,0,0,0,0,0,0.04858,0,0,0,0,0,0,0,0,0,0.0661,0,0,0,0,0,0,0,0,0,0,0,0,0,0,0,0,0,0,0,0,0,0,0,0,0,0,0,0,0,0,0,0,0,0,0,0,0,0,0,0,0,0,0,0,0,0,0,0,0,0,0,0,0,0,0,0,0,0,0,0,0,0,0,0,0,0,0,0,0,0,0,0,0,0,0,0,0,0,0.01603,0,0,0,0,0,0,0,0,0,0,0,0,0,0,0,0,0,0,0.11452,0,0,0,0,0,0,0,0,0,0,0,0,0,0,0,0,0,0,0,0,0,0.10014,0,0,0,0,0,0,0,0,0,0,0,0,0.30676,0,0,0,0,0,0,0,0,0,0,0,0.05794,0,0,0.11142,0,0,0,0,0,0,0,0,0,0,0.11352,0,0,0,0,0,0.03176,0,0,0.07558,0.13282,0,0,0,0,0,0,0,0,0,0,0,0,0,0,0,0,0,0,0,0,0,0,0,0,0,0,0,0,0,0,0
s__Enterococcus_faecalis,0,0,0,0,0,0,0,0,0,0,0,0,0,0,0,0,0,0,0,0,0,0,0,0,0,0,0,0,0,0,0,0,0,0,0,0,0,0,0,0,0,0,0,0,0,0,0,0,0,0,0,0,0,0,0,0,0,0,0,0,0,0,0,0,0,0,0,0,0,0,0,0,0,0,0,0,0,0,0,0,0,0,0,0,0,0,0,0,0.05645,0,0,0,0,0,0,0,0,0,0,0,0,0,0,0,0,0,0,0,0,0,0,0,0,0,0,0,0,0,0,0,0,0,0,0,0,0,0,0,0,0,0,0,0,0,0,0,0,0,0,0,0,0,0,0,0,0,0,0,0,0,0,0,0,0,0,0,0,0,0,0,0,0,0,0,0,0,0,0,0,0,0,0,0,0,0,0,0,0,0,0,0,0,0,0,0,0,0,0,0,0,0,0,0,0,0,0,0,0,0,0,0,0,0,0,0,0,0,0,0,0,0,0,0,0,0,0,0,0,0,0,0,0,0,0,0,0
s__Clostridium_ventriculi,0,0,0,0,0,0,0,0,0,0,0,0,0,0,0,0,0,0,0,0,0,0,0,0,0,0,0,0,0,0,0,0,0,0,0,0,0,0,0,0,0,0,0,0,0,0,0,0,0,0,0,0,0,0,0,0,0,0,0,0,0,0,0,0,0,0,0,0,0,0,0,0,0,0,0,0,0,0,0,0,0,0,0,0,0,0,0,0,0,0,0,0,0,0,0,0,0,0,0,0,0,0,0,0,0,0,0,0,0,0,0,0,0,0,0,0,0,0,0,0,0,0,0,0,0,0,0,0,0,0,0,0,0,0,0,0,0,0,0,0,0,0,0,0,0,0,0,0,0,0,0,0,0,0,0,0,1.64839,0,0,0,0,0,0,0,0,0,0,0,0,0,0,0,0,0,0,0,0,0,0,0,0,0,0,0,0,0,0,0,0,0,0,0,0,0,0,0,0,0,0,0,0,0,0,0,0,0,0,0,0,0,0,0,0,0,0,0,0,0,0,0,0,0,0,0,0,0
s__Clostridium_disporicum,0,0,0,0,0,0,0,0,0,0,0,0,0,0,0,0,0,0,0,0,0,0,0,0,0,0,0,0,0,0,0,0,0,0,0,0,0,0,0,0,0,0,0,0,0,0,0,0,0,0,0,0,0,0,0,0,0.0968,0,0.03955,0,0,0,0,0,0,0,0,0,0,0,0,0,0,0,0,0,0,0,0,0,0,0.00187,0,0,0,0,0,0,0,0,0,0,0,0,0,0,0,0,0,0,0,0,0,0,0,0,0,0,0,0,0,0,0,0.01055,0,0,0,0,0,0,0,0,0,0,0,0,0,0,0,0,0,0,0,0,0,0,0,0,0,0,0,0,0,0,0,0,0,0,0,0,0,0,0,0.01157,0,0,0.01949,0,0,0,0,0,0,0,0,0,0,0,0,0,0,0,0,0,0,0,0,0,0,0,0,0,0,0,0,0,0,0,0,0,0,0,0,0,0,0,0,0,0,0,0,0,0,0,0,0,0,0,0,0,0,0,0,0,0,0,0,0,0,0,0,0,0,0,0,0
s__Clostridium_perfringens,0,0,0,0,0,0,0,0,0,0,0,0,0,0,0,0,0,0,0,0,0,0,0,0,0,0,0,0,0,0,0,0,0,0,0,0,0,0,0,0,0,0,0.38236,0.13982,0,0,0.01891,0,0,0,0,0,0,0,0,0,0,0,0,0.04141,0,0,0,0,0,0,0,0,0,0,0,0,0,0,0,0,0,0,0,0,0.01226,0,0,0,0,0,0,0,0,0,0,0,0,0,0,0,0,0,0,0,0,0,0,0,0,0,0,0,0,0,0,0,0,0,0.0168,0.36923,0.01566,0,0,0,0,0,0,0,0,0,0,0.03658,0,0,0,0,0,0,0,0,1.71662,0,0,0,0,0,0,0,0,0,0,0,0,0,0,0,0.08109,0,0,0,0.30404,0,0,0,0,0,0,0,0,0,0,0,0,0,0,0,0,0,0,0,0,0,0,0,0,0,0,0,0,0,0,0.0723,0,0,0,0,0,0.1052,0.01929,0.15201,0.32699,0,0,0,0.23555,0,0.10511,0,0,0,0,0,0,0.45753,0,0,0,0,0,0,0,0,0,0,0,0,0,0,0,0
s__Atopobium_deltae,0,0.01969,0,0,0,0,0,0,0,0,0,0,0,0.05113,0,0.00824,0,0,0.00388,0,0,0,0.00793,0,0,0,0,0,0,0,0,0,0,0,0,0,0,0,0,0,0,0,0,0,0,0.01162,0,0,0.0093,0,0,0,0,0,0,0,0,0,0.00395,0,0.00285,0,0,0,0,0.01855,0,0,0.00583,0,0,0,0,0,0.01461,0,0,0,0,0,0,0,0.02781,0.01031,0,0.00322,0,0,0.00406,0,0,0,0,0.01009,0,0,0,0.00404,0.0049,0,0,0,0,0,0,0,0,0,0,0,0,0,0,0,0.00914,0.00679,0,0,0,0,0,0,0,0,0,0,0,0,0.00357,0,0,0.00565,0.02067,0,0.01383,0,0,0,0,0,0,0,0,0,0,0,0,0,0,0,0,0,0,0,0,0,0,0,0,0,0,0.02856,0,0.00374,0,0,0.02234,0,0,0.01103,0,0,0,0,0,0,0,0.00648,0,0.01411,0,0,0.00927,0,0,0,0.03756,0,0.01199,0.03332,0,0,0,0,0.01189,0,0.0066,0,0,0.00623,0,0,0,0.00653,0,0,0.02795,0,0,0,0,0,0,0,0,0,0,0.02046,0.00378,0,0.02882,0.01145,0,0,0,0
s__Lactobacillus_pontis,0,0,0,0,0,0,0,0,0,0,0,0,0,0,0,0,0,0,0,0,0,0,0,0,0,0,0,0,0,0,0,0,0,0,0,0,0,0,0,0,0,0,0,0,0,0,0,0,0,0,0,0,0,0,0,0,0,0,0,0,0,0,0,0,0,0,0,0,0,0,0,0,0,0,0,0,0,0,0,0,0,0,0,0,0,0,0,0,0,0,0,0,0,0,0,0,0,0,0,0,0,0,0,0,0,0,0.00644,0,0,0,0,0,0,0,0,0,0,0,0,0,0,0,0,0,0,0,0,0,0,0,0,0,0,0,0,0,0,0,0,0,0,0,0,0,0,0,0,0,0,0,0,0,0,0,0,0,0,0,0,0,0,0,0,0,0,0,0,0,0,0,0,0,0,0,0,0,0,0,0,0,0,0,0,0,0,0,0,0,0,0,0,0,0,0,0,0,0,0,0,0,0,0,0,0,0,0,0,0,0,0,0,0,0,0,0,0,0,0,0,0,0,0,0,0,0,0
s__Lactobacillus_reuteri,0,3.74627,4.2249,0,25.78735,2.50486,0.11834,0.98024,4.99098,6.03287,0.66687,0,7.07532,1.92608,0.05284,14.90878,0,0.57026,1.20111,4.75552,0,0.26954,1.89449,0,0,0.43514,0.7617,0,0.15059,0.95267,0,14.48202,1.17042,5.26094,0,0.13264,3.67044,0,0,1.30977,0.1032,0,0,4.58613,0,0.19834,0.08712,0.00408,0.23081,10.73946,3.52641,0,0.70603,1.228,0.01994,0.28891,0.47607,0,1.09046,2.24208,0.05947,2.29519,5.17192,0,0.0016,0,0.03902,0.75375,6.19535,0.08304,0.35231,0.56963,5.14565,0.1181,3.26157,4.96935,0.42138,0,0.04764,0,0.0262,0,0.00508,1.26435,0,4.00758,0,6.41124,0.63287,6.99286,0,0,3.5884,1.86792,0,0.29353,0,0.43822,0.99873,0,4.29616,1.02886,1.37902,0.08383,0.01842,0.89908,11.95615,0.20597,1.47996,2.79126,10.93362,0.60417,0.01068,0,9.7449,5.27834,11.33357,0,0.57274,0.05309,0,0.74016,22.46418,4.50298,0,0.40871,0.31043,0,0,0.55395,0.36478,0.76398,1.58357,1.0146,1.60308,1.79044,0.07964,0.00617,0,0.06067,0,1.72937,1.50968,0,0.66855,0.44506,0.10108,0.38486,0.08759,0,4.90053,3.26248,0.18079,0,0.19325,16.65688,0,0,0.84237,0.48111,0.44166,0,0,0.14027,0,0,0.29661,0,0.26468,0,1.64499,0,0.70182,0,17.33577,0.11411,7.19161,0,0,0,0,0,0,0.13747,0.5993,0.34928,0.41392,0,5.59121,0.30695,12.65697,0.06258,0.76246,0.45824,2.43137,1.30192,8.8603,0,0.00552,1.08796,3.16022,0,0.08692,0,0.20912,1.09698,0,0,1.04237,9.00424,0.19499,0,0.31204,6.62885,23.43428,0.0214,0,0.06789,0,0,0,6.33256,0,0.7823,3.68698,0.18999
s__Lactobacillus_mucosae,0,0,0,0,0,0,0,0,0,0,0,0,0,0.00323,0,0,0,0,0,0.00752,0,0,0,0.01483,0,0,0,0,0,0.02197,0,0.04436,0,0.03349,0,0,0,0,0,0,0,0,0,0,0,0,0,0,0,0,0,0,0,0,0,0,0,0,0,0,0,0.42246,0,0,0,0,0,0,0,0.17595,0,0,0.50643,0,0,0.10509,0,0,0,0,0,0,0,0,0,0.01046,0,0,0.43113,0,0,0,0,0,0,0,0,0,0,0,0,0,0,0,0,0,0,0,0,0,0,0,0,0,0,0,0,0,0,0,0,0,0,0,0,0,0,0,0,0,0,0,0,0,0,0,0,0,0,0,0,0,0,0,0,0,0,0,0,0,0,0,0,0,0,0.18723,0,0,0,0,0,0,0,0,0,0,0,0,0,0,0,0,0,0,0,0,0,0,0,0,0,0,0,0.02606,0,0,0,0,0,0,0,0,0,0,0,0,0,0,0,0,0,0,0,0,0,0,0,0,0,0,0,0,0,0,0,0,0,0,0,0,0,0,0,0,0,0
s__Bacteroides_vulgatus,0,0.08876,0.06804,0,0.01522,0,0,0,0,0.69546,0.42837,0,0,0,0,0.01097,0,0,0.02001,0,0,0.33338,0.36675,0,0.07915,0,0,0.3675,0.19758,0,0,0,0.0079,0,0,0,0.04233,0,0,1.13176,0.169,0.09995,0.12913,0.93912,0.05453,0.23215,0,0.21943,0.17596,0.22402,0.42806,0.00533,0.05915,0,0.09545,0.01257,0,0.24464,0.10579,0,0,0,0,0,0.02256,0,0,0,0,0,0,0,0,0,0,0,0,0,0,0,0,0,0,0,0,0.04662,0,0,0.04203,0,0,0,0,0,0,0,0,0,0,0,0,0,0,0,0,0,0,0,0,0.12731,0,0.01266,0,0,0.30147,0,0.02122,0,0.00936,1.0478,0,0,0.09687,0,0,0,0,0,0,0,0,0,0,0,0,0,0,0,0,0,0,0,0,0,0.0473,0,0,0,0,0,0.02201,0.32757,0.01741,0.02791,0.10202,0.049,0.49464,0,0,0,0,0,0,0,0,0,0,0,0,0,0,0,0,0,0,0,0,0,0,0,0,0,0,0,0,0,0.16305,0,0.02356,1.55036,0,1.67444,2.70107,0.67272,0.09469,1.15086,0.33747,0,0,0,0,0,0,0,0,0,0,0,0,3.38796,0.47979,6.15263,0.90204,0.68082,0.41638,0,0,0,0,0,0,0.13968,0.1474,1.5675,0.01494,0
s__Romboutsia_ilealis,0,0,0,0,0,0,0,0,0,0,0,0,0,0,0,0,0,0,0.0025,0,0,0,0,0,0,0,0,0,0,0,0.16231,0,0,0,0,0,0,7.11179,0,0,0,0,0,0,0.01071,0,0,0,0,0,0,0,0,0,0,0,0.003,0,0.00752,0.03193,0,0,0,0,0,0,0,0,0,0.00585,0,0,0,0.01715,0,0.0633,0,0,0,0,0,0,0,0,0,0,0,0,0,0,0,0,0,0,0,0,0,0,0,0,0.09574,0,0,0,0,0,0,0,0.10758,0,0,0,0,0.00247,0,0,0,0,0,0,0,0,0,0,0,0,0,0,0,0,0,0,0,0,0,0,0,0,0,0,0,0,0,0,0.01356,0,0,0,0,0,0,0,0,0.04596,0.00624,0,0.16854,0.00966,0.07171,0,0,0,0,0,0,0,0,0,0,0,0,0,0,0,0,0,0,0,0,0,0,0,0,0,0,0,0,0,0,0,0,0,0,0,0,0,0,0,0,0,0,0,0,0,0,0,0,0,0,0,0,0,0,0,0,0,0,0,0.00258,0,0,0,0,0,0,0
s__Bacteroides_plebeius,0.23239,0,0.19585,0,0,0,0,0,0,0.09173,0.37707,0,0,0,0.20148,0,0,0.08502,0.01185,0.05106,0,0.05522,0.095,0,0.01853,0,0,7.30437,0.06793,0.03043,0,0,0.08977,0,0.12974,0.06268,1.16047,0,0.61286,0.57493,1.52976,0.14398,0,3.83998,0.07314,0,0,1.11385,0.19613,0.2463,0.28538,0.94974,0.04097,0,1.93516,0.26672,0.65046,2.28299,0.4278,0.0491,0.01496,0.0374,0.00658,0,1.16208,0.38341,0.02222,0,0,0.13503,0.0807,0,0,0,0,0,0,0,0,0,0,0,0,0,0,0,0,0,0.0186,0,0,0,0,0,0,0,0,0,0,0,0,0,0,0,0,0,0,0.20211,0,0.05996,0,0,0,0,0.38189,0.85782,0,0,0,0.50763,0,0,0.06024,0,0,0,0,0,0,0,0,0,0,0,0,0,0,0,0,0.02902,0,0,0,0,0,0,0,0.04294,0,0,0,0.20606,0.21468,0.0669,1.4698,0,0.37283,0,0,0,0,0,0,0,0,0,0,0,0,0,0,0,0,0,0,0,0,0,0,0,0,0,0,0,0,0,0.06509,0,0,0.34993,0,0.10807,0.07641,0.19511,0,0.17984,0.08545,0.372,0,0,0,0,0,0,0,0,0,0,0,1.68559,0.63784,1.7633,0.37557,1.06318,3.01098,0,0,0,0,0,0,0.27478,4.41749,1.14362,0.54988,0.75937
s__Lactobacillus_ruminis,0,0,0.17268,0,0,0,0,0.03545,0,0,0,0,0,0,0,0,0,0,0.05607,0,0,0.21904,0.44531,0.01188,0,0,0.07982,0,0.7498,0,0,0,0.22968,0.04077,0,0,0,0,0,0,0,0,0,0,0,0,0,0,0.08925,0,0,0,0,0,0,0.31659,0,0,0.81968,0,0.00254,0.99976,2.18563,0.51865,0,0.17083,0.23655,0,0.29811,0.19968,0.70416,0,0,0,0,0,0,0,0,0,0,0,0,0.17357,0,0.12939,0,0,0,0,0,0,0,0,0,0,0,0,0,0.04801,0,0,0,0,0,0,0,0,0,0,0,0,0,0,0.24101,0,0,0,0,0,0,0,0,0,0,0,0,0,0,0,0,0.04975,0,0,0,0,0,0,0,0,0,0,0,0,0,0,0,0,0,0,0,0,0,0,0,0,0,0,0,0,0,0,0,0,0,0,0,0,0,0,0,0,0,0,0,0,0,0,0,0,0,0.23638,0,0,0,0,0,0,0,0.21106,0,0,0,0,0,0,0,0,0,0,0,0,0,0,0,0,0,0,0,0,0,0,0,0,0,0,0,0,0,0,0,0,0,0,0,0
s__Prevotella_sp_CAG_891,18.57766,0.22843,0.44756,0.95151,0.09923,0.38993,0,0,0.06659,1.92326,0.41378,0.36938,0,0.23544,7.30621,1.46801,4.93873,0.83487,0.10968,0.55684,1.10708,2.07473,0.91082,0,3.21429,0.12239,0.01451,1.41972,1.35064,0.81758,0.03246,0.12119,1.12403,0.07268,5.70671,1.32201,2.77326,0,8.79089,0.40667,4.02883,1.17596,0.06385,4.81395,0.99055,0.23342,0,1.68126,0.41859,0.18279,2.77908,10.12961,0.87776,0.04368,1.30293,0.25151,0.94719,6.2345,0.80019,3.05859,0.26817,0.27311,0.01904,0,2.49115,0.14399,0.19416,0.28457,0.1163,0.70389,0.05916,0.12058,0,0.11214,0,0.54368,0,1.25594,0,0,0.06813,0.00101,0.02416,0.0153,0.56357,0.06685,0,0.48504,0.0196,0,0,0,0.09538,0,0.00467,0.02317,0.00209,0,0,0.00669,0,0,0,0,0,0.03557,0.07573,0.04385,0.05243,0.02028,0.16819,0.4426,0.03192,0.61064,0.20526,0.73624,0.02261,0.35394,0.70206,2.51557,0,1.10532,0.18178,0.40394,0,0,0.01232,0.60702,0,0,0,0,0,0.16324,0,0,0,0.09521,0.08738,1.22371,0,0,0,0,0,0,0.01384,0.34522,0,0,0.21589,0.14154,1.55554,0.837,1.34468,0,5.5344,0,0,0.75932,0,0,0.00277,0.03243,0,0,0,0,1.53442,0,0,0,0,0.04196,0,0,0,0,0,0,0.0176,0,0,0.07933,0,0,0.11135,0,0.07513,0.50067,0,2.09128,0.57429,1.1026,0.02569,0.83829,0.63503,0.43728,0,0,0,0,0,0,0,0,0,0,0,0.45023,5.19813,4.3285,3.19218,3.39171,0.99182,0,0,0,0,0,0,0.36124,4.77912,1.04997,1.92853,6.50834
s__Megasphaera_elsdenii,0,0.03805,0.37279,0,0,0,0,0,0,0,0,0,0,0,0,0.09701,0,0.22448,0.2476,5.04268,0,0.00311,0.33055,0.01376,0.18178,0,0.03322,0,0,0.35104,0,0,1.9817,1.53476,0,16.13373,1.44453,0,0,0,2.28105,0,0,0,0,0,0,0,0,0,0.08981,0,0,0,0.65378,0.55789,0.34647,0,0.77266,0,0,0.49951,0,0,2.18268,0,0,0.38072,0,0,0,0.29583,0,0,0,0.28466,0,0,0,0,0,0,0,0,0,0,0,0.00178,0,0,0,0,0,0,0,0,0,0,0,0,0,0,0,0,0,0,0,0,0,0,0,0,0,0,0,0,0,0.65527,0,0,0,0,0.00792,0,0,0,0,0,0,0,0,0,0,0,0,0,0,0,0,0,0,0,0,0,0,0,0,0,0,0,0,0.04052,0,0,0,0,0,0,0,0,0,0,0,0,0,0,0,0,0,0,0,0,0,0,0,0,0,0,0,0,0,0,0,0,0,0,0,0,0,0,0,0,0,0,0,0,0,0,0,0,0,0,0,0,0,0,0,0,0,0,0,0,0,0,0,0,0,0,0,0,0,0,0,0,0,0
s__Megamonas_funiformis,0.12407,0,0,0,0,0.01351,0,0,0,0.15028,0,0.06081,0.02379,0,0.02872,0,0.02722,0.64537,0,0,0.02541,0,0,0,0.0076,0,0,0.01748,0,0,0,0.01164,0.19509,0,0.27312,0.45095,0.01418,0,0.11068,0,0.22113,0,0,0.1798,0,0,0,0.12722,0,0,0,0.13213,0,0,0.00408,0,0.1025,0.43043,0,0.38519,0,0,0,0,0.12452,0,0,0,0,0.00223,0,0,0,0,0,0,0,0.53993,0,0.03003,0.19854,0,0,0,0.00547,0,0,0,0.02423,0,0,0,0,0,0,0,0,0,0,0,0,0,0,0,0,0,0,0,0,0,0,0,0,0.05722,0,0.03071,0,0,0,0.00676,0,0,0,0,0,0,0,0,0,0,0,0,0,0,0,0,0,0,0,0,0,0,0,0,0,0,0,0,0,0,0,0,0.20733,0,0,0,0.08071,0,0,0,0,0,0,0,0,0,0,0,0.06061,0,0,0,0,0,0,0,0,0,0,0,0,0,0,0,0,0,0,0,0,0,0,0,0,0,0,0,0,0,0,0,0,0,0,0,0,0,0,0,0,0,0.1207,0.02216,0,0,0,0,0,0,0,0,0,0,0.19831,0,0,0.07318
s__Bacteroides_coprocola,0.08253,0,0.08136,0,0,0,0,0,0,0.07857,0.07332,0,0,0,0.01162,0,0,0.01902,0,0,0.00513,0,0.01626,0,0,0,0,1.43142,0,0,0,0,0,0,0.01107,0.00384,0.26134,0,0.93585,0.17371,0.16411,0.1145,0,3.32951,0,0,0,0.54038,0.00465,0.04919,0.03435,2.98168,0,0,0.58595,0.10844,0.09973,0.51894,0.25865,0.0224,0,0.01007,0,0,0.09686,0.09172,0,0,0,0,0,0.01957,0,0,0,0,0,0,0,0,0,0,0,0,0,0,0,0,0,0,0,0,0,0,0,0,0,0,0,0,0,0,0,0,0,0,0,0.00615,0,0.0143,0,0,0,0,0,0.01413,0,0,0.03619,0.75077,0,0,0.0236,0,0,0,0,0.11602,0,0,0,0,0,0,0,0,0,0,0,0.04331,0,0,0,0,0,0,0,0,0,0,0,0.03698,0.16474,0.0456,0.25294,0,0.10927,0,0,0,0,0,0,0,0,0,0,0,0,0,0,0,0,0,0,0,0,0,0,0,0,0,0,0,0,0,0.03179,0,0,0.15983,0,0.0232,0.2934,0.05566,0,0.15567,0.0364,0,0,0,0,0,0,0,0,0,0,0,0,1.37144,0.43221,1.69219,0.64704,0.80674,2.93431,0,0,0,0,0,0,0.43319,4.60763,0.62205,0.31329,0.33935
s__Lactobacillus_animalis,0,0,0,0,0,0,0.84151,0,0.18929,2.4045,0,0.58377,0,0.0045,0.02274,0,0,0,0,0.90777,0,0,0,0,0,0,0,0,1.54892,42.63382,0,0.02716,4.79651,0.01328,0,0,0,0,0,0,0,0,0,19.99467,0,0,0,0,0,0,0,0,0,0,1.11358,0.01033,2.54441,0,0.36045,0.01253,0.1908,0.12205,5.38946,0.86163,0.02449,0.25598,0,0,0,0,0,0,0,0,0.13656,0,0,0,0,0,0,0,0,0,0,0,0,0,0,0,0.2744,0.81397,0.40221,0,0,0.2276,0,0,0.38556,0.0236,0.11296,0,0,0,0,0,0,0,0,0,0.15107,0,0,0,18.46651,1.84715,40.40583,0.02755,0,0.79488,0,0,0,0,0,0,0,0,0,0,0.56874,0,0,0,0,3.31836,1.0016,0.34824,0,2.89363,0,0,0.6527,0,5.98629,0,1.52712,0.06925,0.2241,0,0.31153,0.45419,0,0,0,0,0.04141,0,0,0,0,0,0,0,0,0,0,0,0.56822,0,0,0,0,0,0,0.09499,0,0,0,0,0,0,0,0.23108,0,0,0.17429,0,0,2.294,0.04851,0,0,0,0.05801,0.64296,0.25112,6.51821,0,0,0.32478,0,0,0,0,0,0,0,0,0,0,0,0,0.00606,0,0,0,0,0,0,0,0,0,0.44741,0,29.46212
s__Lachnospira_pectinoschiza,0,0,0,0,0,0,0,0,0,0,0,0,0,0,0,0,0,0,0,0.09564,0,0,0.39605,0,0,0,0,0,0,0,0,0,0,0,0,0,2.27697,0,0,4.07203,1.11767,0,0,0.56663,0,0.1079,0,0.06949,0,0.37332,0,0,0,0,0,0,0,0,0,0,0,0,0,0,0,0,0,0,0,0,0,0,0,0,0,0,0,0,0,0,0,0,0,0,0,0.00775,0,0,0,0,0,0,0,0,0,0,0,0,0,0,0,0,0,0,0,0,0,0,0,0,0,0,0,0,0,0,0,0,0,0.62972,0,0,1.09776,0,0,0,0,0,0,0,0,0,0,0,0,0,0,0,0,0,0,0,0,0,0,0,0,0,0,0,0.06915,0.33283,0,0,0,0,0,0,0,0,0,0,0,0,0,0,0,0,0,0,0,0,0,0,0,0,0,0,0,0,0,0,0,0,0,0,0.38784,0,0,0.03402,0,0.10143,0,0,0,0,0.09884,0.00854,0,0,0,0,0,0,0,0,0,0,0,2.53083,0,0,0,2.24347,0,0,0,0,0,0,0,1.21904,0.29076,1.03629,0.5336,0
s__Megamonas_hypermegale,0,0,0,0,0,0,0,0,0,0.04054,0,0,0,0,0.01349,0,0,0,0,0,0,0,0,0,0,0,0,0,0,0.03749,0,0,0,0,0.13446,0.04457,0.03354,0,0,0,0,0.01915,0,0.03327,0.03042,0,0,0.04637,0,0,0,0,0,0,0,0,0,0,0,0,0,0,0,0,0.05767,0,0,0,0,0,0,0,0,0,0,0,0,0,0,0.02739,0,0,0,0,0,0,0,0,0.0108,0,0,0,0,0,0,0,0,0,0,0,0,0,0,0,0,0,0,0,0,0,0,0,0,0,0,0.0799,0,0,0,0,0,0,0,0,0,0,0,0.01069,0,0,0,0,0,0,0,0,0,0,0,0,0,0,0,0,0,0,0,0,0,0,0,0,0.11496,0.08845,0,0,0.01273,0,0,0,0,0,0,0,0,0,0,0,0,0,0,0,0,0,0,0,0,0,0,0,0,0,0,0,0,0,0,0,0,0,0,0,0,0,0,0,0,0,0,0,0,0,0,0,0,0,0,0,0,0,0,0.08224,0,0,0,0,0,0,0,0,0,0,0,0,0,0.06278
s__Lactobacillus_johnsonii,0,0.89962,3.16318,0,3.18248,0.42392,0.03755,0.18015,0.20994,1.72957,0,0,0,0.16707,0,1.37028,0,0.04064,1.57948,0.06882,0,0.19809,1.96119,0,0,0,0.09779,0,0,0.16368,0,0,0.41032,0.73476,0,0.10722,0.45361,0,0,0.77092,0.20464,0.06574,0,1.06145,0,0,0,0,0,4.13789,0.28837,0,0,0,0.83254,0.14691,0,0,1.77738,0.25411,0.09828,1.93992,1.04314,0,0,0.01733,0,0.04456,0.79389,0,0.37684,0.3321,0.1102,0.32089,1.86549,0.05161,0.04709,0,0,0,0,0,0,0,0,0.41968,0,0.2503,0,0.48543,0,0,0,0,0,0,0,0,0,0,0,0,0,0,0,0,0,0,1.06514,1.13494,5.89978,0.06518,0,0,3.4271,1.26567,1.82614,0,0,0,0,0,5.58725,0.54847,0,0,0,0,0,0,0.03603,0,0.3714,0,0,0,0,0,0,0,0,0,0,0,0.33348,0,0.34743,0,0.07506,0,2.89395,4.39396,0.02921,0,0.96842,2.95696,0,0,0,0,0,0,0,0,0,0,0,0,0,0,0,0,0,0,0.19404,0,0,0,0,0,0,0,0,0.02168,0,0,0,0,0.22465,0,0.32952,0,0,0.44726,0.46225,0.10779,1.84377,0.3353,0,0,1.25038,0,0,0,0,0,0,0,0,6.91873,0.04773,0,0.08325,4.6399,5.05792,0,0,0,0,0,0,1.51572,0,0,0.03729,0
s__Lactobacillus_plantarum,0,0,0,0,0,0,0,0,0,0,0,0,0,0,0,0,0,0,0,0,0,0,0,0,0,0,0,0,0,0,0,0,0,0,0,0,0,0,0,0,0,0,0,0,0,0,0,0,0,0,0,0,0,0,0,0,0,0,0,0,0,0,0,0,0,0,0,0,0,0,0,0,0,0,0,0,0,0,0,0,0,0,0,0,0,0,0,0,0,0,0,0,0.0853,0,0,0,0,0,0,0,0,0,0,0,0,0,0,0,0,0,0,0,0,0,0,0,0,0,0,0,0,0,0,0,0,0,0,0,0,0,0,0,0,0,0,0,0,0,0,0,0,0,0,0,0,0,0,0,0,0,0,0,0,0,0,0,0,0,0,0,0,0,0,0,0,0,0,0,0,0,0,0,0,0,0,0,0,0,0,0,0,0,0,0,0,0,0,0,0,0,0,0,0,0,0,0,0,0,0,0,0,0,0,0,0,0,0,0,0,0,0,0,0,0,0,0,0,0,0,0,0,0,0,0,0,0
s__Flavonifractor_plautii,0,0,0,0,0,0,0,0,0,0,0,0,0,0,0,0,0,0,0,0,0,0,0,0,0.05987,0,0,0,0,0,0,0,0,0,0,0,0,0,0,0,0,0,0,0,0,0,0,0,0,0,0,0,0,0,0,0,0,0,0,0,0,0,0,0,0,0,0,0,0,0,0,0,0,0,0,0,0,0,0,0,0,0,0,0,0,0,0,0,0,0,0,0,0,0,0,0,0,0,0,0,0,0,0,0,0,0,0,0,0,0,0,0,0,0,0,0,0,0,0,0,0,0,0,0,0,0,0,0,0,0,0,0,0,0,0,0,0,0,0,0,0,0,0,0,0,0,0,0,0,0,0,0,0,0,0,0,0,0,0,0,0,0,0,0,0,0,0,0,0,0,0,0,0,0,0,0,0,0,0,0,0,0,0,0,0,0,0,0,0,0,0,0,0,0,0,0,0,0,0,0,0,0,0,0,0,0,0,0,0,0,0.12381,0,0,0,0,0,0,0,0,0,0,0,0,0,0,0
s__Bacteroides_coprophilus,0.09407,0,0,0,0,0,0,0,0,0,0,0,0,0,0,0,0.01636,0,0,0,0,0,0,0,0,0,0,0.01977,0,0,0,0,0,0,0,0,0,0,0,0,0,0,0,0.17508,0,0,0,0,0,0,0,0,0,0,0,0,0,0.01625,0,0,0,0,0,0,0.00584,0,0,0,0,0,0,0,0,0,0,0,0,0,0,0,0,0,0,0,0,0,0,0,0,0,0,0,0,0,0,0,0,0,0,0,0,0,0,0,0,0,0,0,0,0,0,0,0,0,0,0,0,0,0,0,0,0,0,0,0,0,0,0,0,0,0,0,0,0,0,0,0,0,0,0,0,0,0,0,0,0,0,0,0,0,0,0,0,0,0,0,0,0,0,0,0,0,0,0,0,0,0,0,0,0,0,0,0,0,0,0,0,0,0,0,0,0,0,0,0,0,0,0,0,0,0,0,0,0,0,0,0,0,0,0,0,0,0,0,0,0,0,0,0,0,0.00512,0,0,0,0,0,0,0,0,0,0,0,0,0,0,0
s__Enterococcus_casseliflavus,0,0,0,0,0,0,0,0,0,0,0,0,0,0,0,0,0,0,0,0,0,0,0,0,0,0,0,0,0,0,0,0,0,0,0,0,0,0,0,0,0,0,0,0,0,0,0,0,0,0,0,0,0,0,0,0,0,0,0,0,0,0,0,0,0,0,0,0,0,0,0,0,0,0,0,0,0,0,0,0,0,0,0,0,0,0,0,0,2.67418,0,0,0,0,0,0,0,0,0,0,0,0,0,0,0,0,0,0,0,0,0,0,0,0,0,0,0,0,0,0,0,0,0,0,0,0,0,0,0,0,0,0,0,0,0,0,0,0,0,0,0,0,0,0,0,0,0,0,0,0,0,0,0,0,0,0,0,0,0,0,0,0,0,0,0,0,0,0,0,0,0,0,0,0,0,0,0,0,0,0,0,0,0,0,0,0,0,0,0,0,0,0,0,0,0,0,0,0,0,0,0,0,0,0,0,0,0,0,0,0,0,0,0,0,0,0,0,0,0,0,0,0,0,0,0,0,0
s__Lactobacillus_saerimneri,0,0,0,0,0,0,0,0,0,0,0,0,0,0,0,0,0,0,0,0,0,0,0,0,0,0,0,0,0,0,0,0,0,0,0,0,0,0,0,0,0,0,0,0,0,0,0,0,0,0,0,0,0,0,0,0,0,0,0,0,0,0,0,0,0,0,0,0,0,0,0,0,0,0,0,0,0,0,0,0,0,0,0,0,0,0,0,0,0,0,0,0,0,0,0,0,0,0,0,0,0,0,0,0,0,0,0,0,0,0,0,0,0,0,0,0,0,0,0,0,0,0,0,0,0,0,0,0,0,0,0,0,0,0,0,0,0,0,0,0,0,0,0,0,0,0,0,0,0,0,0,0.09852,0,0,0,0,0,0,0,0,0,0,0,0,0,0,0,0,0,0,0,0,0,0,0,0,0,0,0,0,0,0,0,0,0,0,0,0,0,0,0,0,0,0,0,0,0,0,0,0,0,0,0,0,0,0,0,0,0,0,0,0,0,0,0,0,0,0,0,0,0,0,0,0,0,0
s__Eubacterium_dolichum_CAG_375,0.28522,0,0,0.59216,0,0,0,0,0,0,0.07755,0.00445,0.38397,0,0,0.03146,0.19906,0,0,0,0.03207,0,0,0,0.01817,0,0.06972,0,0,0,0.07864,0,0.00174,0,0.26762,0.05997,0,0,0.15234,0,0,0,0,0.0376,0.06067,0,0,0,0,0,0,0.31352,0,0,0,0,0,0,0,0,0,0,0,0,0,0,0,0,0,0,0,0,0,0,0,0,0.00659,0.02528,0,0.02523,0,0,0.02415,0,0.30994,0,0,0.22873,0,0,0,0,0,0,0,0,0,0,0,0,0,0,0,0,0,0,0,0,0,0,0,0,0,0.20855,0,0,0,0,0,0,0,0.23001,0,0,0,0.01902,0,0,0,0,0,0,0,0,0,0,0,0,0,0,0,0,0,0,0.00542,0,0,0,0,0.05817,0,0,0.78992,0.0282,0,0,0.06107,0,0,0.01319,0,0,0,0.19808,0,0,0,0,0,0,0,0,0,0,0,0,0,0,0,0,0,0,0,0,0,0,0,0,0,0,0,0,0,0,0,0,0,0,0,0,0.02418,0,0,0,0,0,0,0,0.03713,0,0.0793,0,0.16611,0,0,0,0.00279,0,0,0,0,0,0.16404,0,0,0
s__Streptococcus_lutetiensis,0,0.38569,0.0809,0.78085,0,5.00715,0,0.07471,0.4971,1.43492,0,0,0,0.60618,0,0,0,5.54233,0.04899,3.61556,0.02354,1.06516,0.1503,0,0.85706,0,0.02805,0,0,0.81069,0,0,3.13416,0.0641,0.11318,0,0,0,0,0.06115,0,0,1.06459,1.68901,0,0,0,0,0.01814,0.07058,0,2.16103,0.40696,0,46.17638,0.23441,8.45005,0,2.80283,0,0.76073,0.25464,2.279,1.64162,27.03595,0.25901,0.15305,0.15817,0.09034,0.36273,0.16074,13.00974,0,0,9.59378,0.27379,0,0,1.73571,0,2.47102,53.54999,0.04479,0.3238,0,0,3.13214,0,1.00799,0.28968,0.25577,0,0.10768,0,0,0.09194,0,0,0.04816,0.07354,0,0,0,0,0,2.8782,0,0.11748,0,2.79802,0,0.24587,0.00804,0,0.65043,0,0.36048,10.7435,0,0,1.44521,0,0.15326,0.32339,0.87332,0.7204,0,0,0,0,4.41863,0,0,0,0,0.04491,17.04532,3.02378,0.11359,1.06611,0,0.69736,0,0,0.26727,0,0.15968,1.82522,0,0.12325,0,0,0.15945,0,0.45912,1.16447,0.20947,0,0,7.27803,0,0,0,0,0,0,0,0,0,0,0,0,0,0,0,0,0,0,0,0,0,1.31846,0,0,0,0,0,0.09972,0,0,0.12837,0,0.8062,0,0,0,0,0.98898,0,0,0,0,0,0,0,0,0,0,0.04447,0,0.50359,4.76595,0.15685,0,0,0,0,0,0,0,0,0,3.54548,0.07992,0,0
s__Enorma_massiliensis,0,0,0,0,0,0,0,0,0,0,0,0,0,0,0,0,0,0,0,0,0,0,0,0,0,0,0,0,0,0,0,0,0,0,0,0,0,0,0,0,0,0,0,0,0,0,0,0,0,0,0,0,0,0,0,0,0,0,0,0,0,0,0,0,0,0,0,0.00255,0,0,0,0,0,0,0,0,0,0,0,0,0,0,0,0,0,0,0,0,0,0,0,0,0,0,0,0,0,0,0,0.00258,0,0,0,0,0,0,0,0,0,0,0,0,0,0,0,0,0,0,0,0,0,0,0,0,0,0,0,0,0,0,0,0,0,0,0,0,0,0,0,0,0,0,0,0,0,0,0,0,0,0,0,0,0,0,0,0,0,0,0,0,0,0,0,0,0,0,0,0,0,0,0,0,0,0,0,0,0,0,0,0,0,0,0,0,0,0,0,0,0,0,0,0,0,0,0,0,0,0,0,0,0,0,0,0,0.00317,0,0,0,0,0,0,0,0,0,0,0,0.00429,0,0.00565,0,0.00332,0,0,0,0,0
s__Lactobacillus_acidophilus,0,1.03091,4.02332,0,10.2298,1.66859,1.91258,2.62228,3.82557,0.24579,0.92516,0.43258,1.89078,1.67529,0.04268,5.63811,0,0.52996,4.63055,2.82578,0,1.24959,2.98094,0,0,0.86884,1.21959,0,0.55922,0.16809,0.00887,13.62023,1.11738,2.65947,0,0.80339,4.81906,0.14708,0,3.59448,0.1783,0.10937,0,0.32183,0,0.96069,0.97106,0,1.24559,4.69483,1.92882,0,2.01348,0.59898,0.51381,0.39431,0.61042,0,8.60992,0.9636,0.11603,1.94656,1.21713,0.07149,0.06568,1.09034,0.32147,0.65842,1.87157,0.45266,5.46439,3.09001,1.99594,0.85759,1.06953,3.46032,0.92113,0,1.78164,0.01585,0.45947,0,3.80684,1.13686,0,2.00768,0,9.09421,1.33557,1.91355,0,0,0,0.02888,0,0,0,0,0,0.00558,1.61802,0,0.15187,0.04264,0,0.25875,0.16297,0.38007,2.29813,2.6208,7.53979,0.79689,0.02185,0,12.26513,8.16726,2.9686,0,0.39334,0.40491,0,1.83674,4.26988,2.11037,0,0,0.08098,0,0,0.06552,0.49389,0.01244,1.32516,1.05794,0,0,0.13818,0,0.76821,0.01247,0,1.21547,0.09878,0,0.58249,0.18457,1.81209,0.9282,0.12818,0,1.37814,1.57623,0.22071,0.91865,0.72714,1.09383,0.00301,0,0.22356,0.82298,0,0,0,0.00549,0,0,0,0,0.30651,0,0,0,0,0,1.40283,0,0,0,0,0,0,0,0,0.04264,0.28023,0,1.43369,0.01039,3.31147,0.74524,0.87839,0.10381,0.65956,1.7942,0.8435,1.47605,4.07301,0.12976,0.00972,0,1.0653,0,0.0023,0,0.13535,0,0,0,0.27445,5.97673,0.532,0,0.00914,1.74993,3.1029,0,0,0,0,0,0,5.72478,0.00746,0.46949,0.91328,0.47581
s__Olsenella_scatoligenes,0,0,0,0,0,0,0,0,0,0,0,0,0,0,0,0,0,0,0,0,0,0,0,0,0,0,0,0,0,0,0,0,0,0,0,0,0,0,0,0,0,0,0,0,0,0,0,0,0,0,0,0,0,0,0,0,0,0,0,0,0,0,0,0,0,0,0,0,0,0,0,0,0,0,0,0,0,0,0,0,0,0,0,0,0,0,0,0,0,0,0,0,0,0,0,0,0,0,0,0,0,0,0,0,0,0,0,0,0,0,0,0,0,0,0,0,0,0,0,0,0,0,0,0,0,0,0,0,0,0,0,0,0,0,0,0,0,0,0,0,0,0,0,0,0,0,0,0,0,0,0,0,0,0,0,0,0,0.00495,0,0,0,0,0,0,0,0,0.00601,0,0,0.0071,0,0,0,0,0,0,0,0,0,0.00949,0,0,0,0,0,0,0,0.0017,0,0.00188,0,0,0,0,0,0,0,0,0,0,0,0,0,0.00867,0.00844,0,0,0,0,0,0,0,0,0,0,0,0,0.01336,0.00779,0,0.00963,0,0,0,0,0
s__Sorangium_cellulosum,0,0,0,0,0,0,0,0,0,0,0,0,0,0,0,0,0,0,0,0,0,0,0,0,0,0,0,0,0,0,0,0,0,0,0,0,0,0,0,0,0,0,0,0,0,0,0,0,0,0,0,0,0,0,0,0,0,0,0,0,0,0,0,0,0,0,0,0,0,0,0,0,0,0,0,0,0,0,0,0,0,0,0,0,0,0,0,0,0,0,0,0,0,0,0,0,0,0,0,0,0,0,0,0,0,0,0,0,0,0,0,0,0,0,0,0,0,0,0,0,0,0,0,0,0.07386,0,0,0,0,0,0,0,0,0,0,0,0,0,0,0,0,0,0,0,0,0,0,0,0,0,0,0,0,0,0,0,0,0,0,0,0,0,0,0,0,0,0,0,0,0,0,0,0,0,0,0,0,0,0,0,0,0.00341,0,0,0,0,0,0,0,0,0,0,0,0,0,0,0,0,0,0,0,0,0,0,0,0,0,0,0,0,0,0,0,0,0,0,0,0,0,0,0,0,0,0,0,0
s__Streptococcus_gallolyticus,0,0,0,0,0,0,0,0,0,0,0,0,0,0,0,0,0,0,0,0,0,0,0.03367,0,0,0,0,0,0,0,0,0,0,0,0,0,0,0,0,0,0,0,0,0.43672,0,0,0,0,0,0,0,0.12258,0,0,0,0,0.01509,0,0.06795,0,0,0,0,0,0.00286,0,0,0,0,0,0,0,0,0,0,0,0,0,0,0,0,0,0,0,0,0,0,0,0,0,0,0,0,0,0,0,0,0,0,0,0,0,0,0,0,0,0,0,0,0,0,0,0,0,0,0,0,0,0,0,0,0,0,0,0,0,0,0,0,0,0,0,0,0,0,0,0,0,0,0,0,0,0,0,0,0,0,0,0,0,0,0,0,0,0,0,0,0,0,0,0,0,0,0,0,0,0,0,0,0,0,0,0,0,0,0,0,0,0,0,0,0,0,0,0,0,0,0,0,0,0,0,0,0,0,0,0,0,0,0,0,0,0,0,0,0,0,0,0,0,0,0,0,0,0,0,0,0,0,0,0,0,0,0,0,0
s__Janibacter_melonis,0,0,0,0,0,0,0,0,0,0,0,0,0,0,0,0,0,0,0,0,0,0,0,0,0,0,0,0,0,0,0,0,0,0,0,0,0,0,0,0,0,0,0,0,0,0,0,0,0,0,0,0,0,0,0,0,0,0,0,0,0,0,0,0,0,0,0,0,0,0,0,0,0,0,0,0,0,0,0,0,0,0,0,0,0,0,0,0,0,0,0,0,0,0,0,0,0,0,0,0,0,0,0,0,0,0,0,0,0,0,0,0,0,0,0,0,0,0,0,0,0,0,0,0,0,0,0,0,0,0,0,0,0,0,0,0,0,0,0,0,0,0,0,0,0,0.04013,0,0,0,0,0,0,0,0,0,0,0,0,0,0,0,0,0,0,0,0,0,0,0,0,0,0,0,0,0,0,0,0,0,0,0,0,0,0,0,0,0,0,0,0,0,0,0,0,0,0,0,0,0,0,0,0,0,0,0,0,0,0,0,0,0,0,0,0,0,0,0,0,0,0,0,0,0,0,0,0
s__Parabacteroides_merdae,0,0.00941,0,0,0,0,0,0,0,0.04838,0,0,0,0,0,0,0,0,0,0,0,0,0,0,0,0,0,0,0,0,0,0,0,0,0,0,0,0,0,0,0.06773,0,0,0.08428,0,0,0,0.19131,0,0,0,0,0,0,0,0.07748,0,0.03033,0.26699,0,0,0,0,0,0,0,0,0,0,0,0,0,0,0,0,0,0,0,0,0,0,0,0,0,0,0,0,0,0,0,0,0,0,0,0,0,0,0,0,0,0,0,0,0,0,0,0,0,0,0,0,0,0,0,0,0,0,0,0,0,0,0,0.01508,0,0,0,0,0,0,0,0,0,0,0,0,0,0,0,0,0,0,0,0,0,0,0,0,0,0,0,0,0.12666,0,0,0.0107,0,0,0,0,0,0,0,0,0,0,0,0,0,0,0,0,0,0,0,0,0,0,0,0,0,0,0,0,0,0,0,0,0,0,0,0,0,0.03089,0.0383,0,0,0.00599,0,0,0,0,0,0,0,0,0,0,0,0,0,0.42352,0,0,0.16142,0,0,0,0,0,0,0,0,0.00354,0,0,0
s__Absiella_dolichum,0.28763,0,0,0.47535,0,0,0,0,0,0,0,0,0.27297,0,0,0.00725,0.13268,0,0,0,0,0,0,0,0.00846,0,0.04882,0,0,0,0.06704,0,0.00117,0,0.22715,0.01881,0,0,0.17787,0,0,0,0,0,0.03783,0,0,0,0,0,0,0.38171,0,0,0,0,0,0,0,0,0,0,0,0,0,0,0,0,0,0,0,0,0,0,0,0,0,0,0,0.01594,0,0,0.00346,0,0.2276,0,0,0.12993,0,0,0,0,0,0,0,0,0,0,0,0,0,0,0,0,0,0,0,0,0,0,0,0,0,0.14181,0,0,0,0,0,0,0,0.14922,0,0,0,0,0,0,0,0,0,0,0,0,0,0,0,0,0,0,0,0,0,0,0,0,0,0,0,0.031,0,0,0.52113,0.05365,0,0,0.02546,0,0,0,0,0,0,0.18284,0,0,0,0,0,0,0,0,0,0,0,0,0,0,0,0,0,0,0,0,0,0,0,0,0,0,0,0,0,0,0,0,0,0,0,0,0.00289,0,0,0,0,0,0,0,0.01962,0,0.03984,0,0.06077,0,0,0,0,0,0,0,0,0,0.12434,0,0,0
s__Butyricicoccus_pullicaecorum,0.79426,0.46317,1.09156,0.12695,0.27164,0.35847,0.03969,0.47223,0.01814,0.25263,0.6761,0.56832,0.00146,0.78569,3.3368,0.96148,1.22822,1.49021,0.68886,0.25278,0.35695,1.46399,1.40844,0,5.66316,0.13872,0.99887,0.77375,1.1177,0.25527,0,0.45169,1.53176,0.30285,3.97706,0.41546,2.31043,0,4.33802,0.81357,0.9863,2.89294,0.39593,3.58029,0.82663,1.87601,0.22427,1.87282,0.16931,1.30466,1.46155,2.42209,1.07461,0.69753,0.61003,0.05216,0.20894,1.55943,0.21879,0,0.17871,0.18649,0.01736,0.03557,1.2342,0.39356,0.34527,0,0.00188,0.25734,0.40465,0.00566,0,0.06215,0.08235,0.12272,0,0.21704,0,0.67868,1.10932,0.01746,1.24776,0.09466,1.50258,0.28856,0,0.10816,0.39682,0.85831,0,0,0,0,0,0,0,0,0,0,0,0,0,0,0,0,0.02182,0,0.07418,0.33452,0.12584,0.27145,0,0.88818,0.39844,0.44413,0.02552,1.03801,0.79608,0.28396,0,0.04524,0.48078,1.05641,0,0,0,0.15464,0,0.02036,0,0.10946,0,0.14564,0.07208,0,0.13165,0.09032,0,1.50488,0,0.01307,0,0,0.33813,0,0.07069,0.11075,0,0,0.73881,0.42701,0.42919,0.33031,0.12567,0.06761,0.91105,0,0,0.39656,0,0,0,0,0,0,0,0,0.69927,0,0,0,0,0.22464,0,0,0,0,0,0,0,0,0,0.98182,0,0,0.87392,0,0.40469,0.26653,0,0.90047,0.47204,0.28095,0.12805,0.68266,0.41939,0.99289,0,0,0.17488,0.07554,0.05001,0,0,0,0,0,0,0.68187,0.36695,1.61913,1.55535,0.33487,0.50014,0,0,0,0,0,0,1.77061,2.16501,2.02902,1.87679,2.02831
s__Turicimonas_muris,0,0,0,0,0,0,0,0,0,0,0,0,0,0,0,0,0,0,0,0,0,0,0,0,0,0,0,0.0055,0,0,0,0,0,0,0,0,0.01478,0,0,0.04291,0,0,0,0,0,0,0,0,0,0,0,0,0,0,0,0,0,0,0,0,0,0,0,0,0,0,0,0,0,0,0,0,0,0,0,0,0,0,0,0,0,0,0,0,0,0,0,0,0,0,0,0,0,0,0,0,0,0,0,0,0,0,0,0,0,0,0,0,0,0,0,0,0,0,0,0,0,0,0.02949,0,0,0,0,0,0,0,0,0,0,0,0,0,0,0,0,0,0,0,0,0,0,0,0,0,0,0,0,0,0,0,0,0,0,0,0,0,0,0,0,0,0,0,0,0,0,0,0,0,0,0,0,0,0,0,0,0,0,0,0,0,0,0,0,0,0,0,0,0,0,0,0,0,0,0,0,0,0,0,0,0,0,0,0,0,0,0,0,0,0,0,0,0,0.02955,0,0,0,0,0,0,0,0,0,0,0,0,0
s__Staphylococcus_pseudintermedius,0,0,0,0,0,0,0,0,0,0,0,0,0,0,0,0,0,0,0,0,0,0,0,0,0,0,0,0,0,0,0,0,0,0,0,0,0,0,0,0,0,0,0,0,0,0,0,0,0,0,0,0,0,0,0,0,0,0,0,0,0,0,0,0,0,0,0,0,0,0,0,0,0,0,0,0,0,0,0,0,0,0,0,0,0,0,0,0,0,0,0,0,0,0,0,0,0,0,0,0,0,0,0,0,0,0,0,0,0,0,0,0,0,0,0,0,0,0,0,0,0,0,0,0,0,0,0,0,0,0,0,0,0,0,0,0,0,0,0,0,0,0,0,0,0,0,0,0,0,0,0,0,0,0,0,0,0,0,0,0,0,0,0,0,0,0,0,0,0,0,0,0,0,0,0,0,0,0,0,0,0,0,0,0,0,0,0,0,0,0,0,0,0,0,0,0,0,0,0,0,0,0,0,0,0,0,0,0,0,0,0,0,0,0,0,0,0,0,0,0,0,0,0,0,0,0
s__Nannocystis_exedens,0,0,0,0,0,0,0,0,0,0,0,0,0,0,0,0,0,0,0,0,0,0,0,0,0,0,0,0,0,0,0,0,0,0,0,0,0,0,0,0,0,0,0,0,0,0,0,0,0,0,0,0,0,0,0,0,0,0,0,0,0,0,0,0,0,0,0,0,0,0,0,0,0,0,0,0,0,0,0,0,0,0,0,0,0,0,0,0,0,0,0,0,0,0,0.00347,0,0,0,0,0,0,0,0,0,0,0,0,0,0,0,0,0,0,0,0,0,0,0,0,0,0,0,0,0,0.06794,0,0,0,0,0,0.01446,0,0,0,0,0,0,0,0,0,0,0,0,0,0,0,0,0,0,0,0,0,0,0,0,0,0,0,0,0,0,0,0,0,0,0,0,0,0,0,0,0,0,0,0,0,0,0,0,0,0.00193,0.06017,0,0,0,0,0,0,0,0,0,0,0,0,0,0,0,0,0,0,0,0,0,0,0,0,0,0,0.02169,0,0,0,0,0,0,0,0,0,0,0,0,0,0,0,0,0
s__Plantibacter_flavus,0,0,0,0,0,0,0,0,0,0,0,0,0,0,0,0,0,0,0,0,0,0,0,0,0,0,0,0,0,0,0,0,0,0,0,0,0,0,0,0,0,0,0,0,0,0,0,0,0,0,0,0,0,0,0,0,0,0,0,0,0,0,0,0,0,0,0,0,0,0,0,0,0,0,0,0,0,0,0,0,0,0,0,0,0,0,0,0,0,0,0,0,0,0,0,0,0,0,0,0,0,0,0,0,0,0,0,0,0,0,0,0,0,0,0,0,0,0,0,0,0,0,0,0,0,0,0,0,0,0,0,0,0,0,0,0,0,0,0,0,0,0,0,0,0,0,0,0,0,0,0,0,0,0,0,0,0,0,0,0,0,0,0,0,0,0,0,0,0,0,0,0,0,0,0,0,0,0,0,0,0,0,0,0,0,0,0,0.01502,0,0,0,0,0,0,0,0,0,0,0,0,0,0,0,0,0,0,0,0,0,0,0,0,0,0,0,0,0,0,0,0,0,0,0,0,0,0
s__Anaerotignum_lactatifermentans,0,0,0,0,0,0,0,0,0,0,0,0,0,0,0.03945,0,0,0,0,0,0,0,0,0,0,0,0,0,0,0,0,0,0,0,0,0,0,0,0,0,0,0,0,0,0,0,0,0.01854,0,0,0,0,0,0,0,0,0,0.03264,0,0,0,0,0,0,0,0,0,0,0,0,0,0,0,0,0,0,0,0,0,0,0.06247,0,0,0,0,0,0,0,0,0,0,0,0,0,0,0,0,0,0,0,0,0,0,0,0,0,0,0,0,0,0,0,0,0,0,0,0,0,0,0,0,0,0,0,0,0,0,0,0,0,0,0,0,0,0,0,0,0,0,0.02136,0,0,0,0,0.02326,0,0,0,0,0,0.04902,0,0,0,0,0,0,0,0,0,0,0,0,0,0,0,0,0,0,0,0,0,0,0,0,0,0,0,0,0,0,0,0,0,0,0,0.01024,0,0,0,0,0,0,0,0,0.04504,0,0,0,0,0,0,0,0,0,0,0,0,0,0,0,0,0,0,0.00962,0,0,0,0,0,0,0,0,0,0,0
s__Allisonella_histaminiformans,0,0,0,0,0,0,0,0,0,0,0,0,0,0,0,0.01812,0,0,0,0,0,0,0,0,0,0,0,0,0,0,0,0,0,0,0,0.1637,0,0,0,0,0,0,0,0,0,0,0,0,0,0,0,0,0,0,0,0,0,0,0,0,0,0,0,0,0,0,0,0,0,0,0,0,0,0,0,0,0,0,0,0,0,0,0,0,0,0,0,0,0,0,0,0,0,0,0,0,0,0,0,0,0,0,0,0,0,0,0,0,0,0,0,0,0,0,0,0,0,0,0,0,0,0,0,0,0,0,0,0,0,0,0,0,0,0,0,0,0,0,0,0,0,0,0,0,0,0,0,0,0,0,0,0,0,0,0,0,0,0,0,0,0,0,0,0,0,0,0,0,0,0,0,0,0,0,0,0,0,0,0,0,0,0,0,0,0,0,0,0,0,0,0,0,0,0,0,0,0,0,0,0,0,0,0,0,0,0,0,0,0,0,0,0,0,0,0,0,0,0,0,0,0,0,0,0,0,0
s__Paraprevotella_xylaniphila,0,0,0,0,0,0,0,0,0,0,0,0,0,0,0,0,0,0,0,0,0,0,0,0,0,0,0,0,0,0,0,0,0,0,0,0,0,0,0,0,0,0,0,0.00125,0,0,0,0,0,0,0,0,0,0,0,0,0,0,0,0,0,0,0,0,0,0,0,0,0,0,0,0,0,0,0,0,0,0,0,0,0,0,0,0,0,0,0,0,0,0,0,0,0,0,0,0,0,0,0,0,0,0,0,0,0,0,0,0,0,0,0,0,0,0,0,0,0,0,0,0,0,0,0,0,0,0,0,0,0,0,0,0,0,0,0,0,0,0,0,0,0,0,0,0,0,0,0,0,0,0,0,0,0,0,0,0,0,0,0,0,0,0,0,0,0,0,0,0,0,0,0,0,0,0,0,0,0,0,0,0,0,0,0,0,0,0,0,0,0,0,0,0,0,0,0,0,0,0,0,0,0,0,0,0,0,0,0,0,0,0,0,0,0,0,0,0,0,0,0,0,0,0,0,0,0,0
s__Megamonas_funiformis_CAG_377,0.04459,0,0,0,0,0.03254,0,0,0,0.10983,0,0.05122,0,0,0.12723,0,0.06836,0.27899,0,0.01661,0.03009,0,0,0,0,0,0,0.03131,0,0,0,0.01329,0.04764,0,0.16614,0.39284,0,0,0.14885,0,0.08967,0,0,0.29892,0,0,0,0,0,0,0,0.01344,0.01205,0,0,0,0.04521,0.17769,0,0.11087,0,0.00419,0,0,0.04044,0,0,0.01311,0,0.00119,0,0,0,0,0,0,0,0.07861,0,0,0,0,0,0,0.02168,0,0,0,0.02476,0,0,0,0,0,0,0,0,0,0,0,0,0,0,0,0,0,0,0,0,0,0,0,0,0,0,0,0,0,0,0,0,0,0,0,0,0,0,0,0,0,0,0,0,0,0,0,0,0,0,0,0,0,0,0,0,0,0,0,0,0,0,0,0.481,0,0,0,0.15258,0,0,0.0385,0,0,0,0,0,0,0,0,0.04903,0,0,0,0,0,0,0,0,0,0,0,0,0,0,0,0,0,0,0,0,0,0,0,0,0,0,0,0,0,0,0,0,0,0,0,0,0,0,0,0,0,0,0.09994,0,0,0,0,0,0,0,0,0,0,0.11177,0,0,0.14898
s__Slackia_isoflavoniconvertens,0,0,0,0,0,0,0,0,0,0,0,0,0,0,0,0,0,0,0,0,0.00232,0,0,0,0.00858,0,0,0,0,0,0,0,0,0,0,0.00223,0,0,0,0,0,0,0.01452,0,0.01029,0,0,0,0,0,0,0,0,0,0,0,0,0,0,0,0,0,0,0,0,0,0,0,0,0,0,0,0,0,0,0,0,0,0,0,0,0,0,0,0,0,0.01062,0,0,0,0.00389,0,0,0,0.03427,0,0.01888,0,0,0,0,0,0,0,0,0,0,0,0,0,0,0,0,0,0,0,0,0,0,0,0,0,0,0,0,0,0,0,0,0,0,0,0,0,0,0,0,0,0,0,0,0,0,0,0,0,0,0,0,0.01964,0,0,0,0,0,0,0,0,0,0,0,0,0,0.0033,0,0,0,0,0,0,0,0,0,0,0,0,0,0,0,0,0.00663,0,0,0,0,0,0,0,0,0,0,0,0,0,0,0,0,0,0,0,0,0.02346,0,0,0,0,0,0,0,0,0,0,0,0,0,0,0.00548,0,0,0,0,0,0,0,0,0
s__Faecalibacterium_prausnitzii,0,0,0,0,0,0,0,0,0,0,0.02504,0,0,0,0.00634,0.00548,0.00841,0,0,0.0238,0,0,0,0,0,0,0,0,0,0,0,0,0,0,0,0,0.00723,0,0,0,0,0,0,0.0684,0.03286,0,0,0.01624,0,0,0.1682,0.07058,0,0,0,0,0,0.02537,0,0,0,0,0,0,0,0,0,0,0,0,0,0,0,0,0,0,0,0,0,0,0,0,0,0,0,0,0,0,0,0,0,0,0,0,0,0,0,0,0,0,0,0,0,0,0,0,0,0,0,0,0,0,0,0,0,0,0,0,0,0,0,0,0,0,0,0,0.03896,0,0,0,0,0,0,0,0,0,0,0,0,0.07333,0,0,0,0,0,0,0,0,0,0,0.00647,0,0,0,0,0,0.02097,0,0,0,0,0,0,0,0,0,0,0,0,0,0,0,0,0,0,0,0,0,0.0138,0,0,0,0,0,0,0,0,0,0,0,0,0.01429,0,0,0,0,0,0,0.00758,0,0,0,0,0,0,0,0,0,0,0,0.02558,0,0,0,0,0,0,0,0,0,0,0.03113,0.10042,0.04127,0,0.0939
s__Actinomyces_coleocanis,0,0,0,0,0,0,0,0,0,0,0,0,0,0,0,0,0.01369,0,0,0,0,0,0,0,0,0,0,0,0,0,0,0,0,0,0,0,0,0.27445,0,0,0,0,0,0,0,0,0,0,0,0,0,0,0,0,0,0,0,0,0,0,0,0,0,0,0,0,0,0,0,0,0,0,0,0,0,0,0,0,0,0,0,0,0,0,0,0,0,0,0,0,0,0,0,0,0,0,0,0,0,0,0,0,0,0,0,0,0,0,0,0,0,0,0,0,0,0,0,0,0,0,0,0,0,0,0,0,0,0,0,0,0,0,0,0,0,0,0,0,0,0,0,0,0,0,0,0,0,0,0,0,0,0,0,0,0,0,0,0,0,0,0,0,0,0,0,0,0,0,0,0,0,0,0,0,0,0,0,0,0,0,0,0,0,0,0,0,0,0,0,0,0,0,0,0,0,0,0,0,0,0,0,0,0,0,0,0,0,0,0,0,0,0,0,0,0,0,0,0,0,0,0,0,0,0,0,0
s__Fusobacterium_mortiferum,0.04524,0,0,0,0,0,0,0,0,0,0,0,0,0,0.04632,0,0,0,0,0,0,0,0,0,0,0,0,0,0,0,0,0,0,0,0,0,0,0,0,0,0,0,0.02267,0,0,0,0,0,0,0,0,0.01098,0,0,0,0,0,0,0,0,0,0,0,0,0,0,0,0,0,0,0,0,0,0,0,0,0,0,0,0,0,0,0,0,0,0,0,0,0,0,0,0,0,0,0,0,0,0,0,0,0,0,0,0,0,0,0,0,0,0,0,0,0,0,0,0,0,0,0,0.01462,0,0,0,0,0,0,0,0,0,0,0,0,0,0,0,0,0,0,0,0,0,0,0,0,0,0,0,0,0,0,0,0,0,0,0,0,0,0,0,0,0,0,0,0,0,0,0,0,0,0,0,0,0,0,0,0,0,0,0,0,0,0,0,0,0,0,0,0,0,0,0,0,0,0,0,0,0,0,0,0,0,0,0,0,0,0,0,0,0,0,0,0,0,0,0,0,0,0,0,0,0,0,0,0,0,0
s__Collinsella_stercoris,1.65444,0.45795,0.27366,2.52654,0.49178,0.5515,0.25157,0.571,0.8706,1.02595,0.59072,1.15861,0.57715,0.38837,1.02443,0.4679,1.75974,0.54776,0.44032,1.08345,2.58045,0.40757,0.57555,0.50903,0.92877,0.08528,0.43969,0.5828,0.35551,0.51813,1.56212,0.19556,0.7176,0.19937,1.68055,1.7599,0.25032,2.51305,1.1704,0.133,0.32985,0.1797,0.564,0.35683,1.33607,0.23414,0.0443,0.90122,0.28479,0.24634,0.3432,0.49879,0.52064,0.11618,0.41135,0.24891,0.57976,1.12689,0.06181,1.03315,0.22237,0.36859,0.46408,0.28057,0.42851,0.22789,0.28436,2.35316,0.26112,0.65326,0.06349,0.5067,0.0896,1.00208,0.50911,1.17965,1.21083,2.19521,0.31826,0.56623,1.46147,0.2536,0.45618,1.14298,1.19368,0.64808,2.87508,1.4751,0.31129,0.46126,3.80121,0.30566,2.2719,0.12347,2.47434,1.24321,3.41671,0.13648,0.23922,2.67417,0.64584,0.30375,0.08868,0.20599,0.06369,1.24508,0.00896,0.94487,0.62379,0.2867,0.66914,0.58283,2.0093,1.00913,0.13691,0.43786,0.19278,1.61062,0.25276,0.81996,0.93445,2.18089,0.14471,0.2658,1.14432,1.24564,0.60609,1.0576,0.43958,0.08862,0.43671,0.34196,0.67507,1.03975,0.40328,0.43,0.38983,0.79398,0.59865,1.24252,0.97649,0.22169,0.37235,2.73605,0.91222,0,0.61279,0.43636,0.62506,1.34881,0.28905,0.08342,1.50038,1.02447,0.41736,0.18902,0.66276,0.16171,0.14454,1.68567,0.31756,0.07014,0.54893,1.82187,1.27596,0.28098,0.30786,2.16479,0.78353,0.34298,0.08018,0.16377,0.33618,0.0541,0.45259,0.62262,0.16508,0.88456,0.41399,0.52146,2.75224,0.48446,0.75469,0.96593,0.05362,0.10178,0.43292,0.18546,0.26319,0.40308,0.20282,0.37701,0.53274,0.51496,0.33722,0.27885,0.34314,0.21107,1.61614,0.26465,0.15227,1.59615,0.15841,0.45648,0.4583,0.20434,0.18124,1.19355,1.15193,0,1.13412,0.21354,0.53289,0.278,0.08228,0.95695,2.56852,0.53001,1.53054,1.43289,0.42325,0.16957,0.41993,0.23674,0.2465,0.49181
s__[Collinsella]_massiliensis,0.00321,0,0,0.02765,0,0.0051,0,0.00942,0.00555,0,0,0.00613,0,0,0.0174,0,0.03092,0.00618,0.00669,0.00859,0.01994,0,0,0.0161,0.02477,0,0,0,0,0.00413,0.00694,0,0.00691,0,0.0079,0.01173,0,0.03983,0.01591,0,0.00624,0,0.00894,0,0.00602,0,0,0.01587,0.00823,0,0.02631,0,0,0,0,0,0.00928,0.00404,0,0.01177,0,0.00199,0.00223,0,0.00367,0,0.00556,0.02959,0,0.00626,0,0.00762,0,0.01502,0,0.01977,0.03082,0.01783,0,0.00407,0.01988,0,0,0.01324,0.00934,0.0057,0.07635,0.01469,0,0,0.04192,0.0082,0.03854,0.00383,0.02596,0.02964,0.0332,0.01575,0,0.07954,0,0,0,0,0,0.01505,0,0.04134,0.02024,0,0.00296,0,0.01405,0.00641,0.00274,0,0,0.01421,0.00508,0,0.00982,0.00686,0,0,0.05277,0.01168,0.01161,0,0.01267,0.00217,0.01498,0.00347,0.05224,0.00961,0,0.0061,0,0.0041,0.02974,0.00927,0,0,0.0162,0.02087,0.00798,0,0,0,0.00371,0.02014,0,0,0,0,0,0,0.00126,0.00795,0,0.01941,0,0.00937,0.0067,0.03392,0.03313,0.02462,0.02314,0.08001,0,0.03763,0,0,0,0,0,0,0.01266,0.03221,0.01253,0.00829,0.0612,0,0.04355,0.00264,0,0,0,0.01357,0,0.02765,0,0.00658,0.021,0.00917,0.02396,0.00308,0.00842,0,0.04072,0.01321,0,0.0317,0,0.02355,0.0278,0,0,0.01854,0.00953,0,0.01439,0,0,0,0,0.02881,0.09738,0.05353,0.07109,0.02936,0.04342,0,0,0.0043,0,0.00767
s__Enterorhabdus_caecimuris,0,0.01268,0.00149,0,0.03506,0,0.00786,0.00659,0,0,0.01647,0,0,0.07435,0,0.01515,0,0.00892,0,0,0,0,0.014,0.00366,0,0,0.00891,0,0,0,0.00617,0,0.0015,0,0,0,0.01081,0,0,0.0157,0,0.00374,0,0,0,0.01408,0.00133,0.01097,0.01778,0.02781,0.00485,0,0,0,0,0,0,0,0.01059,0,0.00958,0.00173,0.01537,0,0,0.00701,0,0,0.0389,0,0,0,0.05621,0,0.03837,0,0.03083,0,0.02454,0,0.01667,0,0.00875,0.04509,0,0.08518,0,0,0.01129,0.02378,0,0.00551,0,0.01285,0.00517,0,0,0.02461,0.00397,0,0.0631,0,0.00448,0.014,0.01888,0,0,0.00334,0.0016,0.01111,0.00919,0.04456,0,0,0.01533,0.01055,0.02479,0,0.01074,0.02908,0.0129,0,0.01473,0.01061,0.01856,0.00279,0,0,0.01091,0.00994,0.00406,0.00864,0.03711,0,0.04312,0.01148,0,0,0,0.00777,0.00978,0.0148,0.00246,0,0.00731,0.00432,0,0.0101,0.00493,0,0.01256,0.01058,0,0,0,0.01271,0,0.01705,0.00544,0,0.00817,0.0075,0.00509,0,0.03206,0,0.0698,0,0,0.11959,0.01442,0.02382,0.03419,0.00312,0,0.00547,0.02428,0.02533,0.02408,0.06664,0,0,0.03903,0.0224,0.06629,0,0.05162,0,0.00976,0.02784,0.04705,0.03146,0.03289,0.01918,0.0301,0.01712,0.04898,0,0,0.06089,0.02739,0.0024,0.02768,0.08638,0.022,0.03778,0.00721,0.03763,0.0024,0,0,0,0,0.01966,0,0.02156,0,0.08276,0.0863,0.01965,0.10195,0.01771,0,0.03161,0.0139,0
s__Symbiobacterium_thermophilum,0,0,0,0,0,0,0,0,0,0,0,0,0,0,0,0,0,0,0,0,0,0,0,0,0,0,0,0,0,0,0,0,0,0,0,0,0,0,0,0,0,0,0,0,0,0,0,0,0,0,0,0,0,0,0,0,0,0,0,0,0,0,0,0,0,0,0,0,0,0,0,0,0,0,0,0,0,0,0,0,0,0,0,0,0,0,0,0,0,0,0,0,0,0,0,0,0,0,0,0,0,0,0,0,0,0,0,0,0,0,0,0,0,0,0,0,0,0,0,0,0,0,0,0,0,0,0,0,0,0,0,0,0,0,0,0,0,0,0,0,0,0,0,0,0,0,0,0,0,0,0,0,0,0,0,0,0,0,0,0,0,0,0,0,0,0,0,0,0,0,0,0,0,0,0,0,0,0,0,0,0,0,0,0,0,0,0,0,0,0,0,0,0,0,0,0,0,0,0,0,0,0,0,0,0,0,0,0,0,0,0,0,0,0,0,0,0.01687,0,0,0,0,0,0,0,0,0
s__Escherichia_coli,0,0,0.61983,0,0,0,0.34189,0.03262,0.0064,0.47446,0.44902,0,0,0,0.7456,0.88637,0.28236,0,0.40981,0.1527,0.11628,0,1.14237,0,0.01704,1.52103,0.10444,0,0,1.03286,0.24006,0,0,0,0,0,0.03529,0,0,0,0.73828,0.05804,21.91045,0.22899,3.03553,0,0.79687,0,0.46349,0.06506,0,0,0.17026,0,0,0,0,0,0,0.49273,0.04839,0,0.01582,0,0.03359,0,0,0,0,0.05852,0,0,0,0,0.2549,0,0,0.00848,0.01627,0,0,0.43852,0.8046,0.0805,1.03588,0.0414,0,0.27074,13.26865,0,1.06158,0.08121,0,0,0,0,0,0,0,0.22841,0,0,0,0,0,0.14129,5.35763,0,0,0,0.03757,0.36919,0,0,0.89869,0.80506,0.04289,0.27099,0.34956,0,0,0.03123,0,0,0,0,0,0,0,0,0.09302,0,0,3.38443,0,0,3.61902,0.12317,0,2.12046,0,0,0,0,0,1.84829,0.65456,1.81072,1.11368,0,0.10919,3.62135,0.04848,12.10378,0.73837,1.52472,6.12003,0,0.0412,0.09119,0,0,0.72945,0,0,0,0,0,0,0,0.43937,0,0,6.81864,0,0,0.09956,0,0.04119,0,0,0.86913,0,0.04268,0.80552,0,0.11907,0,0,0.65207,0.22646,0.55529,0,1.2109,0.1055,2.34283,0.24894,0,2.71312,0,7.79121,0,2.09345,0,0,0,0,0,0,0,0.42334,3.25272,0,0,0,0,0,0,0,0.03581,0,0,0.06416,0.11453,0,2.17534
s__Microbacterium_foliorum,0,0,0,0,0,0,0,0,0,0,0,0,0,0,0,0,0,0,0,0,0,0,0,0,0,0,0,0,0,0,0,0,0,0,0,0,0,0,0,0,0,0,0,0,0,0,0,0,0,0,0,0,0,0,0,0,0,0,0,0,0,0,0,0,0,0,0,0,0,0,0,0,0,0,0,0,0,0,0,0,0,0,0,0,0,0,0,0,0,0,0,0,0,0,0,0,0,0,0,0,0,0,0,0,0,0,0,0,0,0,0,0,0,0,0,0,0,0,0,0,0,0,0,0,0,0,0,0,0,0,0,0,0,0,0,0,0,0,0,0,0,0,0,0,0,0,0,0,0,0,0,0,0,0,0,0,0,0,0,0,0,0,0,0,0,0,0,0,0,0,0,0,0,0,0,0,0,0,0,0,0,0,0,0,0,0,0,0,0,0,0,0,0,0,0,0,0,0,0,0,0,0.00548,0,0,0,0,0,0,0,0,0,0,0,0,0,0,0,0,0,0,0,0,0,0,0,0
s__Intestinibacter_bartlettii,0,0,0,0,0,0,0,0,0,0,0,0,0,0,0,0,0,0,0,0,0,0,0,0,0,0,0,0,0,0,0,0,0,0,0,0,0,0,0,0,0,0,0,0,0,0,0,0,0,0,0,0,0,0,0,0,0,0,0,0,0,0,0,0,0,0,0,0,0,0,0,0,0,0,0,0,0.01156,0,0,0,0,0,0,0,0,0,0,0,0,0,0,0,0,0,0,0,0,0,0,0,0,0,0,0,0,0,0,0,0,0,0,0,0,0,0,0,0,0,0,0,0,0,0,0,0,0,0,0,0,0,0,0,0,0,0,0,0,0,0,0,0,0,0,0,0,0,0,0,0,0,0,0,0,0,0,0,0,0,0,0,0,0,0,0,0,0,0,0,0,0,0,0,0,0,0,0,0,0,0,0,0,0,0,0,0,0,0,0,0,0,0,0,0,0,0,0,0,0,0,0,0.1244,0,0,0,0,0,0,0,0,0,0,0,0,0,0,0,0,0,0,0,0,0,0,0,0,0
s__Collinsella_aerofaciens,0.02209,0,0,0,0,0.08162,0,0,0.13345,0,0,0,0,0.02889,0.02171,0,0.0186,0,0.01963,0.64707,0.01918,0,0,2.41444,0.06778,0,0,0,0,0.06481,0,0,0.01266,1.08751,0.01531,0.02509,0.32698,0.01604,0,0,0.07057,0,0.04067,0,0,0,0,0,0,0.01531,0,0,0,0.02474,0,0,1.21035,0,0,0.00972,0,0,0.01879,0,0.33359,0.00478,0.00674,0.03688,0.13576,0.01438,0,0.01395,0,0,0.00878,1.6908,0.03079,0.03673,0,0,0.16581,0.10951,0,0.03356,0.00352,0.13272,0.07699,0.0057,0,0,0.04925,0,0.02417,0,0.06007,0.04689,0.03855,0,0.04088,4.48611,0.23128,0,0,0.01633,0,0.00707,0,0.1386,0.05632,0,0,0,0.03181,0,0,0,0,2.36134,0,0,0.07744,0,0,0,0.13784,0.01609,0,0.02629,0.03293,0,0.01635,0,0.04532,0.03519,0,0.09745,0.01606,0.00411,0,0,0,0,0.03205,0.04074,0,0,0.00774,0,0,0.02,0.10932,0,0,0,0,0,0,0.01612,0,0.00698,0.18418,0,0.00749,0,0,0,0.38595,0.05687,0,0.1277,0,0.05436,0,0,0,0.05885,0,0.02618,0,0,0.01776,0,0.03709,0.18769,0,0,0,0,0,0,0,0,0,0.0192,0.00913,0,0.00345,0,0.01438,0.1226,0,0.00944,0,0.15378,0,0,0.02946,0.05082,0.00984,0,0,0,0,0,0,0.12004,0.26091,0.35953,0.08,0.00578,0.48992,0,0.00503,0.08618,0,0
s__Asaccharobacter_celatus,0,1.11817,0.73468,0,2.84375,0.94146,2.10756,1.57925,0.32943,0.04237,2.8411,0.37335,0,4.46678,0.18392,1.41952,0,1.1767,0.56254,0.32257,0,0.29543,1.60257,0.32934,0,0.00813,0.66577,0.56853,0.7583,0.17699,1.92292,0.19324,0.4641,0.55345,0,0.06168,1.08479,0.01562,0,1.17046,0.09729,1.11839,0,0.06739,0.00463,1.9376,1.04068,1.68005,2.03348,1.66255,1.52382,0,0.88929,2.79491,0,0.50973,0,0.01099,0.8875,0,0.89502,0.46443,1.70174,0.50035,0,1.06235,0.51426,0.17122,2.37974,0.08494,0.57182,0.61936,3.5365,1.54268,3.4993,0.45221,1.32785,0,1.61018,0.02497,1.13522,0,1.37803,3.21763,0.04207,4.23994,0,0.2443,0.85887,2.4901,0.00121,1.43202,0.27934,1.30617,1.15081,0.49918,0,1.93708,1.15244,0.22651,5.79349,0.60507,1.07452,2.33616,1.42486,0.4264,0.0645,1.33207,1.31943,1.58641,1.27379,2.96835,0.03621,0.27245,1.69309,1.67365,1.34357,0.0059,2.13882,2.42742,1.3078,0.25359,1.49266,2.2559,1.8925,0.76981,0.82887,0.12999,1.15775,0.89282,0.70984,1.32306,3.06368,0.08466,2.90784,1.0828,0.38151,0.01652,0.65947,1.04421,1.96973,1.34519,1.74068,0.02903,1.56084,1.03357,0.85269,2.63739,1.35164,0,1.12338,0.68742,0.03251,0.09392,0.82033,1.75101,0,1.45559,3.01334,0.35758,1.46436,1.27085,0.57678,0.22749,3.10606,1.54317,4.09112,0.01554,2.02942,6.50695,3.3615,1.37546,1.96999,1.3137,0.99957,1.62282,2.31422,1.72987,2.01049,2.69721,0.75892,0.53328,3.32238,1.50529,7.78177,1.02255,3.6002,0.66364,2.51129,1.77487,4.53279,3.87547,2.49755,2.87308,2.33326,2.32423,2.53853,0.16942,0.65314,2.92785,1.55491,1.04194,3.68552,6.5062,1.99732,1.61217,1.52896,2.82573,1.09806,0.33506,0.47739,1.14672,2.36444,2.12944,0.70602,1.82703,0.02116,4.82093,5.5192,1.39251,6.26228,3.41709,0.39022,2.58817,1.96763,0.15243
s__Cryptosporangium_arvum,0,0,0,0,0,0,0,0,0,0,0,0,0,0,0,0,0,0,0,0,0,0,0,0,0,0,0,0,0,0,0,0,0,0,0,0,0,0,0,0,0,0,0,0,0,0,0,0,0,0,0,0,0,0,0,0,0,0,0,0,0,0,0,0,0,0,0,0,0,0,0,0,0,0,0,0,0,0,0,0,0,0,0,0,0,0,0,0,0,0,0,0,0,0,0,0,0,0,0,0,0,0,0,0,0,0,0,0,0,0,0,0,0,0,0,0,0,0,0,0,0.04407,0,0,0,0,0,0,0,0,0,0,0,0,0,0,0,0.10989,0,0,0,0,0,0,0,0,0,0,0,0,0,0,0,0,0,0,0,0,0,0,0,0,0,0,0,0,0,0,0,0,0,0,0,0,0,0,0,0,0,0,0,0,0,0,0,0,0,0,0,0,0,0,0,0,0,0,0,0,0,0,0,0,0,0,0,0,0,0,0,0,0,0,0,0,0,0,0,0,0,0,0,0,0,0,0,0,0
s__Fusicatenibacter_saccharivorans,0,0,0,0,0,0,0,0,0,0,0,0,0,0,0,0,0,0.05265,0.05628,0,0,0,0,0.33049,0,0,0,0,0,0,0,0,0,0,0,0,0.20967,0,0,0.01047,0.00527,0,0,0,0,0,0,0,0,0,0,0,0,0,0,0,0,0,0,0,0,0,0,0.11216,0.01092,0,0,0,0,0,0,0,0,0,0.04332,0,0,0,0,0,0.01272,0,0,0.00336,0,0,0,0,0,0,0,0,0,0,0,0.05215,0,0,0,0.97631,0.33113,0,0,0,0,0.05997,0,0,0,0,0,0,0,0,0,0,0,0,0,0,0,0,0,0,0,0,0.20288,0,0,0,0,0,0.39089,0,0.16134,0,0,0.03657,10.14386,0,0,0.01922,0,0,0,0,0,0,0,0,0.00595,0,0,0,0,0,0,0,0,0,0,0,0,0,0,0,0,0,0,0,0,0,0,0,0,0,0,0,0.02988,0,0,0,0,0,0,0,0,0,0,0.01551,0,0,0,0.04168,0,0,0,0,0,0,0,0,0,0,0,0,0.0483,0,0,0,0,0,0,0,0,0,0,0,0,0,0,0,0,0,0,0
s__Dubosiella_newyorkensis,0,0.70431,0.25644,0,0.47001,0.16356,0.9126,0.4563,0.00738,0,0.51238,0.03869,0,0.72394,0.4639,0.07929,0,0.19002,0.17256,0,0,0.00475,1.06206,0,0,1.46029,0.39151,0,0.03225,0.17784,0.11808,0.30912,0.05995,0.21395,0,0.00596,0.4434,0,0,1.20709,0,0.34794,0,0,0,0.10766,0.31519,0.35735,0.91321,0.38104,0,0,0.80849,0.94491,0,0.12896,0,0,1.71651,0,0.50236,0.13387,0.26721,0.1454,0,1.12929,0.32749,0.0148,0.84206,0.05788,2.23445,0.10212,4.02966,0.8918,0.79259,0.13929,0.41998,0,0.7896,0,0.25821,0,1.21058,0.51359,0.01095,0.31065,0,0,0.30092,0.34814,0,0.20506,0,0,0,1.60096,0,0.10812,1.23028,0,1.0772,0.66168,0.52929,1.70048,0.20124,0.45503,0.6248,0.91143,0.17466,0.71476,0.83239,0.44583,0.05513,0.02189,0.80054,0.1279,0.72918,0,1.01065,0.90904,0.90479,0.0359,0.68249,0.52611,1.37448,0.25347,1.16784,0.05809,0.08352,1.41016,0.77654,0.84975,2.38779,0.01755,2.91344,1.07542,0.47932,0,1.18167,0.2817,0,1.12846,4.16957,0.12654,0.21643,2.00561,1.1501,4.29422,0.44624,0,0.94033,0.10756,0.08623,0.00837,0.58558,0.40609,0,0.00744,0.8501,0.485,0.10083,0.00667,0,0.32193,0.64163,0.0103,0.46607,0,1.8432,0.42707,1.37934,0.54819,1.8694,0.64145,0.33883,1.48378,1.78135,0,0.04284,0.12598,0,0.30506,0,0.32161,1.48174,0.06689,1.5884,0.01504,0.75801,1.94506,0.50364,2.33838,1.24298,1.36307,1.19059,1.49723,1.14241,0,0.25418,0.10485,0.3703,0.042,0,0.46542,0.03887,0.81675,4.67974,0.03911,0.85027,1.51719,0.17687,0.07529,1.32052,1.51423,2.04997,0.02497,0,0.1459,0.04789,0,0.06592,0.65155,0.01161,1.39811,0.06623,0.12104
s__Actinomyces_hordeovulneris,0,0,0,0,0,0,0,0,0,0,0,0,0,0,0,0,0,0,0,0,0,0,0,0,0,0,0,0,0,0,0,0,0,0,0,0,0,0.05377,0,0,0,0,0,0,0,0,0,0,0,0,0,0,0,0,0,0,0,0,0,0,0,0,0,0,0,0,0,0,0,0,0,0,0,0,0,0,0,0,0,0,0,0,0,0,0,0,0.00189,0,0,0,0.00606,0,0.0539,0,0,0,0,0,0,0,0,0,0,0,0,0,0,0,0,0,0,0,0,0,0,0,0,0,0,0,0,0,0,0,0,0,0,0,0,0,0,0,0,0,0,0,0,0,0,0,0,0,0,0,0,0,0,0,0,0,0,0,0,0,0,0,0,0,0,0,0,0,0,0,0,0,0,0.05705,0,0,0,0,0,0.41056,0,0,0,0,0,0,0,0,0,0,0,0,0,0,0,0,0,0,0,0,0,0,0,0,0,0,0,0,0.00879,0,0,0,0,0,0,0,0,0,0,0,0,0,0,0,0,0,0,0,0,0,0,0
s__Ileibacterium_valens,1.12236,0.32282,0.34003,0,1.09386,3.30512,0,0.18683,0.78219,1.07154,1.7769,3.00332,14.13773,0.70633,1.69956,2.47293,0.01204,0.85757,0.46576,2.14237,0,0.14082,0.54327,0,0,0.03001,0.37341,1.15445,0.10247,0.80915,0,0.18977,1.96956,0.16977,0,1.75887,0.46571,0,0,0.05481,0.40538,0.93418,0,0.21124,0.11076,0,0.06474,1.21058,0.34468,0.43691,0.75293,0,0.67409,0.61177,0.27854,0.20785,0,0.41683,0.57652,0,0,0.29793,0.02957,0.06258,0.01377,0.03101,0.07935,0.58227,0.11035,0.38957,0.21441,0.39015,0.58399,1.3948,0.42139,1.64106,0.81077,0,0.36275,0.05049,1.18237,0,0.12236,0.66165,1.02455,1.39484,0,5.03548,0.09696,0.50289,0,0,0,0,0,0.34976,0,0,0.3408,0.09779,0,0.37824,0,0.09466,0,0,0,0.15886,1.76936,0.75288,2.16636,0.38988,2.62895,0.524,0.09289,0.36571,0.53375,1.72105,0,0.79626,0.2528,2.06977,0.05895,0,0.83568,0.28042,0,0.08606,0,0.0489,0.30398,0,0,0,0.19945,0,0,0.21666,0.23427,1.02407,0,0,0,0.01629,0.8822,0,0.30417,1.38842,0.78991,0,0.38001,0.45104,1.98452,0.3718,0.62044,0,0.55327,0,0.1684,1.36484,0,0,0,0.25668,0,0,0,0,1.26084,0,0,0,0,0,0,0,0,0,0,0,0.19423,0.06374,0,0.16734,0,0,0.14799,0,0.37062,0.27544,0,0.07636,0,0,0.28467,0.402,0.56425,0,0.49964,0,0,0.06025,0,0,0,0,0,0,0.11451,0,0.58675,0,0.39229,0.62233,0,0,0,0,0,0,0,0.81422,0.4045,0,0.05195,0.21093
s__Collinsella_intestinalis,48.01922,15.23622,9.83413,60.66795,18.09015,24.26449,17.55415,32.02787,49.00217,36.72963,26.34776,46.96391,57.33781,15.32044,37.59809,16.30841,71.97763,30.60111,19.48657,27.26444,68.12647,15.38628,20.77183,17.47641,52.76181,7.79458,22.61433,49.85374,17.71698,23.45233,68.09193,12.12836,28.16386,6.80615,50.9182,40.64464,6.96308,47.38359,29.47077,4.74041,8.09709,12.58107,41.1693,11.04162,41.96676,8.60107,1.75419,34.93103,10.8775,7.80427,11.93379,27.9539,18.23618,6.69409,13.98045,8.56344,30.33936,32.49733,2.85662,55.6791,10.05304,13.53645,14.73361,12.93285,23.45073,8.53206,9.02436,57.89621,8.73545,33.62881,2.7891,13.11737,5.20106,26.65441,12.74625,42.59658,40.82718,67.15288,11.31036,12.91903,47.51923,33.89024,19.95461,35.43392,54.24221,28.53604,91.77392,36.03679,11.54315,12.51382,92.99589,8.0168,76.30387,3.95368,87.88199,37.62958,81.88095,3.61777,9.5201,72.28209,17.37501,13.93376,2.42334,6.45168,1.90567,54.72031,0.49668,36.5546,34.03621,13.10628,18.92157,30.39795,73.54873,56.54215,5.35666,15.97752,9.67585,59.06717,8.29116,24.97678,36.62805,54.13875,8.12425,7.83914,43.10857,42.25895,15.11667,37.913,14.13623,3.35985,19.20557,8.88182,29.45685,37.77529,11.89405,16.25199,18.7275,47.47755,23.41017,47.41326,46.15547,9.43198,14.13429,87.00408,33.38724,0.2917,22.95572,13.72401,32.57449,72.30653,11.43154,3.4692,35.20732,37.47945,17.71347,7.65755,23.05293,3.15387,8.16876,42.25981,12.78771,3.09915,26.42638,68.02799,45.36318,8.81102,10.89566,94.32528,22.62968,14.04384,4.34627,5.29406,9.2925,1.37677,14.941,25.30279,6.83247,33.34511,9.92167,9.14989,65.3585,19.49032,26.78665,35.22628,4.40504,2.91321,16.90062,3.70388,12.2748,16.42435,6.36526,18.02773,10.44812,13.80027,8.43652,11.7743,10.47825,14.36288,62.89269,8.49708,5.34696,57.79326,4.86984,12.73831,14.75266,6.78614,7.79792,63.1002,24.66439,3.37642,47.38004,11.0603,9.76777,9.94935,5.19923,28.08678,85.99824,14.19749,41.44775,43.8616,15.45981,7.21857,15.95249,6.42136,9.39523,19.2794
s__Holdemanella_biformis,0.01069,0,0,0.05658,0,0.00306,0,0,0.02263,0.05432,0,0.0188,0,0,0.16518,0,0.00983,0.07364,0.02405,0.0177,0.09605,0.05478,0,0,0.0709,0,0,0.03844,0,0.01725,0,0.05419,0.05531,0.00432,0.07899,0.0522,0.00834,0,0.01586,0,0.04697,0.0025,0.02154,0.03259,0.04144,0,0,0.07926,0,0.03249,0,0,0.10053,0,0.32594,0.00615,0.6204,0.39599,0.02484,0.20083,0,0.02124,0,0,0.45902,0.01308,0,0.00123,0.00399,0.25941,0.04062,0,0,0.09156,0,0.1998,0.02513,0,0,0,0.1379,0.11923,0,0.01571,0.44309,0.02472,0,0.02383,0.04926,0.01322,0,0,0,0,0,0,0,0,0,0,0,0,0,0,0,0,0,0,0.05097,0.00737,0.08528,0.01333,0.08658,0.00371,0.0126,0.03221,0.01106,0.31661,0,0,0,0.01349,0.03623,0,0,0,0,0.13809,0,0,0.01627,0,0,0,0,0,0.07454,0.01564,0.04555,0.07187,0,0,0,0,0.0498,0,0.02613,0.13575,0.07161,0.01843,0.01541,0,0.03165,0.11947,0.41135,0,0.94641,0,0,0.29507,0,0,0,0,0,0,0,0.02591,0.02275,0,0,0,0,0,0,0,0,0,0,0,0,0,0,0.10132,0,0,0.01272,0,0,0.06303,0,0,0,0,0,0,0.01181,0,0,0,0,0,0,0,0,0,0,0,0,0,0.01483,0,0,0.00409,0.04353,0,0,0,0,0,0,0,0.02894,0,0,0.17258
s__Turicibacter_sanguinis,0.4284,0,0,0,0.05065,2.2567,0,0,0,0.43191,0.25404,0,0,0,1.7282,0,0,1.57087,0.44171,0.3965,0.5008,0.99173,0,0,0.03286,0,0.08561,0.05985,0.41655,0.13738,1.83888,0.1809,0.17232,0,0.50914,0,0.00595,5.18232,0,0.0917,0.38019,0.10812,0,0.31295,1.34932,0.08613,0.42241,0.88993,0.09322,0,0,0,0.41572,0.10027,6.08115,0.68863,0.53115,3.31134,0.87775,4.21464,0.23296,1.48875,2.93373,0,0.95204,0.18582,0.55036,0,0.28002,4.48193,0.08513,0.04135,0.35137,2.46507,0,0.31721,0.85372,0.27646,0.03715,0.02228,1.11728,0.34175,0,0.23044,0.13118,0.04936,0,0,0.00454,0.06971,0.0364,0,0,0,0.03296,3.44402,0,0,0.01642,0.02509,5.95386,0,0,0.29545,0,0,0,0.08228,0.31961,0.21306,0.04356,0.9731,0,0.32238,0.03672,0.04408,0.28517,0.02177,0,0.36855,0.28585,0,0.20319,0.05863,0.43952,0,0.10266,0,0,0,0.33814,0,0,0.01759,0,0,0.15637,0,0,0,0,0.33499,0.13095,0,0.31039,0,0.06579,0.82715,0.03544,0.11335,0.30468,0,0.49161,3.4862,2.40111,0.68249,2.47956,0,0.02127,0.86755,0,0,0,0.05763,0,0,0,0,0.3707,0,0,0,0,0,0,0,0,0,0,0,0,0.11684,0,0.25741,0,0,0.85446,0,0,0.14546,0,0.62051,0,1.52465,0,0.29219,0.74306,0.47702,0,0,0.76791,0,0,0,0.0798,0,0,0,0.19479,0.01636,0.1258,0.29411,0,0.32044,0,0,0.02374,0,0.03129,0,0.01878,0,0.07022,0.17254,0,0.40972
s__Adlercreutzia_equolifaciens,0,0.94373,0.5731,0,2.62951,0.90258,1.86113,1.40362,0.23325,0.03766,2.80916,0.32537,0,3.69357,0.13691,1.18491,0,0.96218,0.50238,0.25704,0,0.25891,1.39113,0.2796,0,0.00264,0.57584,0.53921,0.65952,0.12532,1.83008,0.18624,0.36306,0.53661,0,0.05437,1.03137,0.01154,0,1.13412,0.09007,0.83399,0,0.07712,0.00573,1.84913,0.93805,1.49257,1.87701,1.48943,1.40957,0,0.77575,2.08874,0,0.49008,0,0,0.7992,0,0.78219,0.35265,1.57896,0.46207,0,0.90528,0.44424,0.13792,2.0363,0.069,0.49804,0.5858,2.67327,1.23745,3.17635,0.35537,1.1859,0,1.37357,0.02173,1.21307,0,1.1387,2.52616,0.04535,3.42489,0,0.24297,0.6682,2.09064,0.00059,1.24511,0.29396,1.14792,0.93857,0.47781,0,1.69037,0.89542,0.22494,5.67575,0.5345,0.96436,1.95033,1.26825,0.36384,0.06151,1.19389,1.24831,1.38103,1.08623,2.89368,0.01954,0.20249,1.33851,1.58516,1.13972,0.00171,1.77197,2.15248,1.26836,0.17947,1.32221,1.84644,1.71199,0.68471,0.70009,0.09187,1.05883,0.77795,0.57022,1.11925,2.68352,0.07187,2.29637,0.8368,0.34565,0.00764,0.61234,0.96676,1.53329,1.04858,1.24534,0.0369,1.31122,0.85588,0.65432,2.07425,1.31944,0,1.18303,0.65552,0.01235,0.04633,0.73546,1.55513,0,1.42729,3.05568,0.28981,1.34602,1.21639,0.44535,0.17969,2.80947,1.51367,3.46294,0.0188,1.95946,5.49299,2.90619,1.1585,1.5942,1.18056,0.88646,1.34313,2.07662,1.56613,1.74302,2.16762,0.64547,0.47762,2.80922,1.27708,6.99626,0.86567,3.10553,0.54788,1.96962,1.41708,3.68973,3.11449,2.2099,2.57838,2.09665,1.8226,2.05334,0.12696,0.56447,2.70207,1.35181,0.90473,3.31587,5.74513,1.66964,1.56603,1.13471,2.32778,0.95517,0.08696,0.47653,1.11303,2.22299,1.74476,0.81927,1.65495,0.01631,4.42174,4.56303,1.3363,5.42682,2.46867,0.36919,2.02477,1.67769,0.12635
s__Microbacterium_sp_Root553,0,0,0,0,0,0,0,0,0,0,0,0,0,0,0,0,0,0,0,0,0,0,0,0,0,0,0,0,0,0,0,0,0,0,0,0,0,0,0,0,0,0,0,0,0,0,0,0,0,0,0,0,0,0,0,0,0,0,0,0,0,0,0,0,0,0,0,0,0,0,0,0,0,0,0,0,0,0,0,0,0,0,0,0,0,0,0,0,0,0,0,0,0,0,0,0,0,0,0,0,0,0,0,0,0,0,0,0,0,0,0,0,0,0,0,0,0,0,0,0,0,0,0,0,0,0,0,0,0,0,0,0,0,0,0,0,0.03612,0,0,0,0,0,0,0,0,0,0,0,0,0,0,0,0,0,0,0,0,0,0,0,0,0,0,0,0,0,0,0,0,0,0,0,0,0,0,0,0,0,0,0,0,0,0,0,0,0,0,0.00158,0,0,0,0,0,0,0,0,0,0,0,0,0,0,0,0,0,0,0,0,0.03873,0,0,0,0,0,0,0,0,0,0,0.0234,0,0,0,0,0,0
s__Terrisporobacter_othiniensis,0,0,0,0,0,0,0,0,0,0,0,0,0,0,0,0,0,0,0,0,0,0,0,0,0,0,0,0,0,0,0,0,0,0,0,0,0,0,0,0,0,0,0,0,0,0,0,0,0,0,0,0,0,0,0,0,0,0,0,0,0,0,0,0,0,0,0,0,0,0,0,0,0,0,0,0,0,0,0,0,0,0,0,0,0,0,0,0,0,0,0,0,0,0,0,0,0,0,0,0,0,0,0,0,0,0,0,0,0,0,0,0,0,0,0,0,0,0,0,0,0,0,0,0,0,0,0,0,0,0,0,0,0,0,0,0,0,0,0,0,0,0,0,0,0,0,0,0,0,0,0,0,0,0.00577,0,0,0.07619,0,0,0,0,0,0,0,0,0,0,0,0,0,0,0,0,0,0,0,0,0,0,0,0,0,0,0,0,0,0,0,0,0,0,0,0,0,0,0,0,0,0,0,0.00371,0,0,0,0,0,0,0,0,0,0,0,0,0,0,0,0,0,0,0,0,0,0,0,0,0
s__Curtobacterium_sp_MR_MD2014,0,0,0,0,0,0,0,0,0,0,0,0,0,0,0,0,0,0,0,0,0,0,0,0,0,0,0,0,0,0,0,0,0,0,0,0,0,0,0,0,0,0,0,0,0,0,0,0,0,0,0,0,0,0,0,0,0,0,0,0,0,0,0,0,0,0,0,0,0,0,0,0,0,0,0,0,0,0,0,0,0,0,0,0,0,0,0,0,0,0,0,0,0,0,0,0,0,0,0,0,0,0,0,0,0,0,0,0,0,0,0,0,0,0,0,0,0,0,0,0,0,0,0,0,0,0,0,0,0,0,0,0,0,0,0,0,0,0,0,0,0,0,0,0,0,0,0,0,0,0,0,0,0,0,0,0,0,0,0,0,0,0,0,0,0,0,0,0,0,0,0,0,0,0,0,0,0,0,0,0,0,0,0,0,0,0,0,0,0,0,0,0,0,0,0,0,0,0,0,0,0,0,0,0,0,0,0,0,0,0,0,0,0,0,0,0,0,0,0,0,0,0,0,0,0,0
s__Helicobacter_bilis,0.04568,0,0,0,0,0,0,0,0,0,0,0,0,0,0,0,0,0,0,0,0,0,0,0,0,0,0,0.02751,0,0,0,0,0,0,0,0.00191,0,0,0,0,0,0,0,0.10304,0,0,0,0.05847,0,0,0,0,0,0,0,0,0,0.04387,0.01682,0,0,0,0,0,0,0,0,0,0,0,0,0,0,0,0,0,0,0,0,0,0,0,0,0,0.01305,0,0,0,0,0,0,0,0,0,0,0,0,0,0,0,0,0,0,0,0,0,0,0,0,0,0,0,0,0,0,0,0,0,0,0,0,0,0,0,0,0,0,0,0,0,0,0,0,0,0,0,0,0,0,0,0,0,0,0,0,0,0,0,0,0,0,0,0,0,0,0,0.05698,0,0,0,0,0,0,0,0,0,0,0,0,0,0,0,0,0,0,0,0,0,0,0,0,0,0,0,0,0,0,0,0,0,0,0,0,0,0,0,0,0,0,0,0,0,0,0,0,0,0,0,0,0,0,0,0.29617,0,0,0,0,0,0,0,0,0,0.08112,0,0,0
s__Cutibacterium_acnes,0,0,0,0,0,0,0,0,0,0,0,0,0,0,0,0,0,0,0,0,0,0,0,0,0,0,0,0,0,0,0,0,0,0,0,0,0,0.06648,0,0,0,0,0,0,0,0,0,0,0,0,0,0,0,0,0,0,0,0,0,0,0,0,0,0,0,0,0,0,0,0,0,0,0,0,0,0,0,0,0,0,0,0,0,0,0,0,0,0,0,0,0,0,0,0,0,0,0,0,0,0,0,0,0,0,0,0,0,0,0,0,0,0,0,0,0,0,0,0,0,0,0,0,0,0,0,0,0,0,0,0,0,0,0,0,0,0,0,0,0,0,0,0,0,0,0,0,0,0,0,0,0,0,0,0,0,0,0,0,0,0,0,0,0,0,0,0,0,0,0,0,0,0,0,0,0,0,0,0,0,0,0,0,0,0,0,0,0,0,0,0,0,0,0,0,0,0,0,0,0,0,0,0,0,0,0,0,0,0,0,0,0,0,0,0,0,0,0,0,0,0,0,0,0,0,0,0
s__Faecalibaculum_rodentium,0.13057,18.99201,7.00833,0,9.29769,10.33299,18.90926,6.92846,2.3049,1.45001,12.87759,5.08648,0.08797,10.36312,2.47235,6.41327,0.00476,3.61407,5.1229,2.08511,0,1.85683,13.27057,1.97115,0,4.60047,3.41281,0.20267,2.65434,2.32872,2.01781,1.13493,1.87118,4.39897,0,1.18163,3.17274,6.18295,0,20.62699,0.2557,7.54675,0,0.03387,0.01942,6.22912,1.74571,6.36639,14.33012,6.94766,3.28499,0,4.73235,22.15132,0.07154,9.05829,0.07809,0.45631,21.36053,0.17791,10.97087,2.63617,4.0016,3.67125,0.03595,13.85166,6.15672,2.58791,19.73108,0.96145,19.89081,3.82987,21.95945,12.28884,13.71205,2.75963,14.66604,0,9.99487,0.11605,3.19523,0,17.59052,13.04842,0.10988,6.57266,0.06891,4.27398,0.33497,16.2849,0.03326,26.53545,5.68837,2.6439,0.58573,18.77376,0.01978,4.62677,22.0846,0.15689,12.37816,16.11001,18.04188,35.77644,18.42861,0.8717,3.32887,14.66676,5.86791,36.44253,13.07349,10.39279,1.07232,1.47489,10.46112,6.35082,3.51406,0.0889,5.83052,7.10673,30.17803,3.15796,8.43522,19.30402,20.89555,13.71747,25.51817,2.11719,13.78784,23.65801,31.74005,18.45017,21.76009,0.63241,29.54645,29.25456,14.7636,0.16688,37.94695,2.66101,16.98898,40.46501,42.91131,2.56415,4.61236,11.17872,15.95614,37.71165,18.94048,0.05358,13.05902,9.96129,2.12528,2.73724,6.70551,9.01035,0.49696,0.64483,23.35324,4.92926,30.1236,51.51036,17.16992,3.97161,24.65861,15.60434,6.19929,0.0256,20.73812,3.89895,16.8452,58.60881,38.12906,6.66285,13.83604,39.30113,16.25245,15.84693,13.49583,0.52827,8.84524,12.22464,24.12569,6.76648,16.31176,1.15791,13.31749,1.38712,18.54903,27.86489,15.39367,17.89983,18.21612,7.17742,20.15702,32.03668,9.4043,23.54399,9.59622,30.2701,7.51533,8.32716,3.07588,3.3399,1.15346,49.16898,44.11152,3.37313,16.85028,23.84572,4.32824,1.63406,23.08117,14.80401,5.0058,0.40325,0.02084,1.01594,0.2376,5.41645,1.13823,12.22745,1.50661,29.20371,5.81644,1.39959
s__Bifidobacterium_criceti,0,1.49076,1.47777,0,0.06557,0.1698,0.52784,0.36686,0.21672,0.11985,0.75761,0,0,3.1589,0.00857,1.79876,0,0.35255,1.6593,0,0,0.10765,1.10148,3.44691,0,0,0.9321,0,0.86025,0.0764,0.08679,0.72902,0.90001,1.8665,0,0.64161,1.13454,0,0,0.97502,0.10311,0.17216,0,0,0,0.6872,0.86245,1.42247,3.30325,1.25234,0.47789,0,1.08999,1.07083,0.00529,4.37842,0.04845,0,3.62599,0.00614,2.50954,1.63649,1.99581,0.93596,0.00774,4.35454,7.05555,0.48559,1.12916,1.39133,3.17577,0.7866,2.1812,1.94005,1.86453,0.10555,0.3393,0,0.54093,0,0.0207,0,0.36425,1.21778,0,1.05136,0,0.14599,0.90536,0.86071,0,0.94186,0.00856,1.51477,0.03559,0.52407,0,1.28227,0.58182,0.16079,0.26151,1.19507,0.83608,1.31326,0.32174,0,0.14631,0.267,0.61843,0.68762,0.3567,0.79731,0.30177,0.0113,0.92874,0.64168,0.30962,0,0,0.95402,0.31745,0.18659,0.86057,0.61227,0.28707,0.27057,1.09764,0.00675,1.07886,1.40056,0.58717,1.64201,0.68629,0,1.10874,0.66805,0.21625,0,0.58581,0,0.52413,0.92284,0.45171,0.02999,0.14309,0,0.83206,1.34298,0.75597,0,0.87586,1.60346,0.07368,0.01554,0.61093,0.44538,0,0.02076,0.59545,0.17741,2.03343,7.24562,0.02691,0.22438,0.16492,3.02565,2.08224,0,0.36167,1.85556,0,1.32927,1.97854,2.58475,1.23362,1.14675,1.64555,0.40712,0.51613,0.22148,0.28784,0.54682,0.41073,0.19355,0,0.05746,0.80841,0.1743,1.01913,1.70747,0.91099,0.99196,1.27358,1.12942,4.01079,0.52459,0.49376,0.31883,0.19505,0.34612,0.57429,0.21052,0.01266,0.58393,0.33582,0.34758,2.38481,0.56317,0.94424,0.5896,0.01136,0,0.19955,0.60296,0.79144,0.9994,0,0.63703,0.13833,0.42227,0.64897,1.79301,0.2795,2.62126,1.89568,0.04113
s__Helicobacter_cinaedi,0,0,0,0,0,0,0,0,0,0,0,0,0,0,0,0,0,0,0,0,0,0,0,0,0,0,0,0.07757,0,0.00412,0,0,0,0,0,0,0,0,0,0,0.01525,0,0,0.04525,0,0,0,0,0,0,0,0,0,0,0,0,0,0,0.12618,0,0,0.00387,0,0,0.0236,0,0,0,0,0,0,0,0,0,0,0,0,0,0,0,0,0,0,0,0,0,0,0,0,0,0,0,0,0,0,0,0,0,0,0,0,0,0,0,0,0,0,0,0,0,0,0,0,0,0.01047,0,0,0,0,0,0,0,0,0,0,0,0,0,0,0,0,0,0,0,0,0,0,0,0,0,0,0,0,0,0,0,0,0,0,0,0,0,0,0,0,0,0,0,0,0,0,0,0,0,0,0,0,0,0,0,0,0,0,0,0,0,0,0,0,0,0,0,0,0,0,0,0,0,0,0,0,0,0,0,0,0,0,0,0,0,0,0,0,0,0,0,0,0,0,0,0.02643,0.00884,0,0,0,0,0,0,0,0,0,0,0.01932,0,0,0
s__Corynebacterium_mustelae,0,0,0,0,0,0,0,0,0,0,0,0,0,0,0,0,0,0,0,0,0,0,0,0,0,0,0,0,0,0,0,0,0,0,0,0,0,0,0,0,0,0,0,0,0,0,0,0,0,0,0,0,0,0,0,0,0,0,0,0,0,0,0,0,0,0,0,0,0,0,0,0,0,0,0,0,0,0,0,0,0,0,0,0,0,0,0.00994,0,0,0,0,0,0,0,0,0,0,0,0,0.01934,0,0,0,0,0,0,0,0,0,0,0,0,0.01104,0,0,0,0,0,0,0,0,0,0,0,0,0,0,0,0,0,0,0,0,0,0,0,0,0,0,0,0,0,0,0,0,0,0,0,0,0,0,0,0,0,0,0,0,0,0,0,0,0,0,0,0,0,0,0,0,0,0,0,0,0.15081,0,0,0,0,0,0,0.00339,0,0,0,0,0,0,0,0,0,0,0,0,0,0,0,0,0,0,0,0,0,0,0,0,0,0,0,0.05655,0,0,0,0,0,0,0,0,0,0,0,0,0,0,0,0,0
s__Bifidobacterium_animalis,0,5.53246,6.66694,0,2.88844,1.6512,7.32219,4.28525,3.5678,0.36437,1.78872,0.45774,0.0162,6.60657,0.46159,4.35971,0,3.37456,3.87686,1.015,0,3.36764,3.93112,6.92582,0,2.64041,3.53738,0.31858,5.03272,1.4295,0.81402,3.79562,3.04288,4.42234,0,1.66074,6.25276,0.80389,0,3.45251,0.37445,1.80902,0,0.05565,0,9.39346,4.76422,2.65741,6.63409,5.28628,7.33718,0,3.24049,7.78882,0.32057,5.99663,0.39748,0.0357,6.09811,0.12381,4.22968,6.34583,8.66896,5.47204,0,3.43746,7.40091,3.84514,6.73402,1.52706,16.86503,7.69001,8.34328,3.9388,6.80974,1.08893,4.45817,0,12.59384,0.17108,1.36286,0,4.20484,6.41363,0.00765,7.59733,0.04203,2.73918,3.84577,14.13853,0.02349,11.20476,2.84607,20.6464,1.3093,1.02612,0.0831,21.67333,18.83943,1.30655,2.69964,12.27121,16.13391,10.23622,11.35342,0.65592,6.6249,7.12573,6.09606,2.96586,2.79658,7.44477,1.00576,0.59696,2.09893,7.20717,3.09544,0,4.44356,6.69957,5.29968,0.85025,8.08127,5.68467,4.02587,3.83747,7.18569,0.78239,6.06934,5.56386,6.30357,10.29857,4.80735,1.98858,10.82219,6.25242,3.63093,0.15333,3.45724,0.67365,5.57158,4.86279,5.20008,0.22519,2.28723,1.98888,3.01473,4.17297,2.46514,0,8.56967,2.33122,0.53817,0.25874,2.2592,8.88164,0.00289,0.48246,2.30177,1.65009,11.14271,8.76101,2.88702,0.85629,4.57029,12.64339,13.49926,0.01498,5.21231,22.65251,3.8485,9.01153,10.84673,1.63733,10.07491,8.06164,2.24593,7.63536,9.01883,2.12531,2.86491,2.51081,9.30364,6.70451,3.06828,0.82021,3.30841,1.13592,5.39803,4.14007,4.7909,3.93512,3.26466,6.21571,6.07103,4.09506,10.33054,1.23749,1.19806,8.06648,5.07572,1.3671,3.4497,6.14777,2.64,7.08399,10.40666,4.9037,3.52199,2.61933,1.31848,0.59569,4.26611,5.76241,9.09054,3.2888,0.04088,12.24007,3.49461,3.85718,20.59116,5.55897,1.3767,6.47035,7.80456,0.52559
s__Bifidobacterium_pullorum,0,0.02316,0.03702,0,0,0,0,0.15048,0.10215,0,0.03217,0,0,0,0,0.01625,0,0.01261,0.06578,0.05763,0,0,0.0144,0.33927,0.97798,0,0.09378,0,0,0.04341,0.04097,0.05565,0.0104,0,0,0.02197,0.1696,0,0,0,0.06815,0.01552,1.31173,0.02443,0.0023,0,0,0.00577,0.08607,0.00207,0,0,0.05012,0,0,0,0.05102,0,0.02897,0,0,0.04605,0.0337,0.00642,0.0983,0,0,0.00302,0.05126,0.15837,0,0.02866,0,0,0,0.01633,0,0,0.01471,0,0,0.38998,0,0.00469,0,0.00696,0,0,0.14027,0,0,0.02336,0,0.00739,0,0,0.63669,0.13242,0.06281,1.024,0.03336,0,0,0,0.01512,0,0,0.27581,0,0,0,0,0,0,0,0,0,0.27652,0,0,0.04768,0,0,0,0.00621,0,0,0,0.03099,0,0.16373,0.05737,0.01898,0,0,0.11081,0,0.54848,0,0,0.0428,0,0,0.18064,0.02256,0,0.25823,0,0,0,0.05166,0,0,0,0,0.13452,0,0,0,0,0,0,0.0886,0,0,0,0.39978,0.82525,0,0.07568,0,0,0,0,0,0,0,0.05125,0,0.04284,0.0201,0.08503,0.2956,0.18898,0,0,0.12981,0.18106,0,0.06496,0,0.00525,0,0.08742,0.00525,0.0143,0.0105,0,0.13743,0.07502,0.45173,0,0,0.2411,0.3391,0.01991,0.04219,0.36163,0,0,0.00913,0,0,0,0,0.3349,8.12651,0.53804,0.47416,0.03628,0.26775,0,0,0.03252,0.00741,0
s__Micromonospora_carbonacea,0,0,0,0,0,0,0,0,0,0,0,0,0,0,0,0,0,0,0,0,0,0,0,0,0,0,0,0,0,0,0,0,0,0,0,0,0,0,0,0,0,0,0,0,0,0,0,0,0,0,0,0,0,0,0,0,0,0,0,0,0,0,0,0,0,0,0,0,0,0,0,0,0,0,0,0,0,0,0,0,0,0,0,0,0,0,0,0,0,0,0,0,0,0,0,0,0,0,0,0,0,0,0,0,0,0,0,0,0,0,0,0,0,0,0,0,0,0,0,0,0,0,0,0,0,0,0,0,0,0,0,0,0,0,0,0.00233,0,0,0,0,0,0,0,0,0,0,0,0,0,0,0,0,0,0,0,0,0,0,0,0,0,0,0,0,0,0,0,0,0,0,0,0,0,0,0,0,0,0,0,0,0,0,0,0,0,0,0,0,0,0,0,0,0,0,0,0,0,0,0,0,0,0,0,0,0,0,0,0,0,0,0,0,0,0,0,0,0,0,0,0,0,0,0,0,0,0
s__Catenibacterium_mitsuokai,0,0.01207,0.01488,0,0.30685,0,0,0,0,0.00259,0,0.44631,0,0,0.03685,0,0,0.06873,0,0.31391,0,0.3128,0,0,0.1787,0,0,0,0,0.06634,0,0.00971,0.09232,0,0.56255,0.72038,0.01121,0,0,0,0.06346,0,0.00269,0.11871,0.03225,0,0,0.69175,0,0.02495,0,0.14142,0.65271,0,0.93099,0,1.68053,1.02412,0.05958,3.29891,0,0.25709,0,0.20233,5.94898,0.40983,0,0.02537,0,0.47673,0,0.01701,0.02738,0,0,0.3237,0,0,0.36335,0,0.01562,0.17183,0,0.04545,0,0,0,0,0.8033,0,0,0,0,0,0,0,0,0,0,0,0,0,0,0,0,0,0,0.25717,0,0,0,0,0,0,0,0.06478,0,0.38316,0,0,0,0,0,0,0,0,0,0.35314,0,0,0.07505,0,0,0,0,0,0.04007,0.41832,0.02667,0.3277,0,0,0,0,0,0,0.34555,0,1.38774,0,0,0,0,0,0.17723,0,0.03078,0,0,0,0,0,0,0,0,0,0,0,0,0,0,0,0,0,0,0,0,0,0,0,0,0,0,0.14982,0,0,0,0,0,0,0,0,0,0,0,0,0,0,0,0,0,0,0,0,0,0,0,0,0,0,0.14308,0,0,0,0,0,0,0,0,0,0,0,0.00734,0,0,0.25987
s__Bifidobacterium_saeculare,0,0,0.00342,0,0,0,0,0.01503,0.00381,0,0,0,0,0,0,0.00268,0,0,0.01514,0,0,0,0,0.05142,0,0,0.02567,0,0,0.02985,0,0.00168,0.00122,0,0,0,0.03361,0,0,0,0.00234,0,0,0.00346,0,0,0,0,0.01054,0,0,0,0,0,0,0,0,0,0,0,0,0.01582,0,0.0031,0,0,0,0,0,0.04434,0,0,0,0,0,0,0,0,0,0,0,0,0,0,0,0,0,0,0.05566,0,0,0,0,0,0,0,0,0.02684,0.00582,0.38015,0,0,0,0,0.003,0,0,0.03334,0,0,0,0,0,0,0,0,0,0.01792,0,0,0,0,0,0,0,0,0,0,0,0,0.03234,0,0,0,0,0.03878,0,0,0,0,0.00782,0,0,0,0.00822,0,0.12561,0,0,0,0.00674,0,0,0,0,0.01285,0,0,0,0,0,0,0.01047,0,0,0,0.15097,0,0,0.02914,0,0,0,0,0,0,0,0.00924,0,0,0,0,0.08572,0.03239,0,0,0,0.00854,0,0.00991,0,0,0,0,0,0,0,0,0.02838,0.03692,0.20667,0,0,0.05784,0.03426,0,0,0.11983,0,0,0,0,0,0,0,0.07345,0.07025,0.10588,0.03825,0.00269,0.04969,0,0,0,0,0
s__Micromonospora_chokoriensis,0,0,0,0,0,0,0,0,0,0,0,0,0,0,0,0,0,0,0,0,0,0,0,0,0,0,0,0,0,0,0,0,0,0,0,0,0,0,0,0,0,0,0,0,0,0,0,0,0,0,0,0,0,0,0,0,0,0,0,0,0,0,0,0,0,0,0,0,0,0,0,0,0,0,0,0,0,0,0,0,0,0,0,0,0,0,0,0,0,0,0,0,0,0,0,0,0,0,0,0,0,0,0,0,0,0,0,0,0,0,0,0,0,0,0,0,0,0,0,0,0,0,0,0,0,0,0,0,0,0,0,0,0,0,0,0,0,0,0,0,0,0,0,0,0,0,0,0,0,0,0,0,0,0,0,0,0,0,0,0,0,0,0,0,0,0,0,0,0,0,0,0,0,0,0,0,0,0,0,0,0,0,0,0,0,0,0,0,0,0,0,0,0,0,0,0,0,0,0,0,0,0,0,0,0,0.00366,0,0,0.08906,0,0,0,0,0,0,0,0,0,0,0,0,0,0,0,0,0
s__Micromonospora_rifamycinica,0,0,0,0,0,0,0,0,0,0,0,0,0,0,0,0,0,0,0,0,0,0,0,0,0,0,0,0,0,0,0,0,0,0,0,0,0,0,0,0,0,0,0,0,0,0,0,0,0,0,0,0,0,0,0,0,0,0,0,0,0,0,0,0,0,0,0,0,0,0,0,0,0,0,0,0,0,0,0,0,0,0,0,0,0,0,0,0,0,0,0,0,0,0,0,0,0,0,0,0,0,0,0,0,0,0,0,0,0,0,0,0,0,0,0,0,0,0,0,0,0.00794,0,0,0,0,0,0,0,0,0,0,0,0,0,0,0,0,0,0,0,0,0,0,0,0,0,0,0,0,0,0,0,0,0,0,0,0,0,0,0,0,0,0,0,0,0,0,0,0,0,0,0,0,0,0,0,0,0,0,0,0,0,0,0,0,0,0,0,0,0,0,0,0,0,0,0,0,0,0,0,0,0.00654,0,0,0,0,0,0,0,0,0,0,0,0,0,0,0,0,0,0,0,0,0,0,0,0
s__Mycolicibacterium_neoaurum,0,0,0,0,0,0,0,0,0,0,0,0,0,0,0,0,0,0,0,0,0,0,0,0,0,0,0,0,0,0,0,0,0,0,0,0,0,0,0,0,0,0,0,0,0,0,0,0,0,0,0,0,0,0,0,0,0,0,0,0,0,0,0,0,0,0,0,0,0,0,0,0,0,0,0,0,0,0,0,0,0,0,0,0,0,0,0,0,0,0,0,0,0,0,0,0,0,0,0,0.01611,0,0,0,0,0,0,0,0,0,0,0,0,0,0,0,0,0,0,0,0,0,0,0,0,0,0,0,0,0,0,0,0,0,0,0,0,0.04995,0,0,0,0,0,0,0,0,0,0,0,0,0,0,0,0,0,0,0,0,0,0,0,0,0,0,0,0,0,0,0,0,0,0,0,0,0,0,0,0,0,0,0,0,0,0,0,0,0,0,0,0,0,0,0,0,0,0,0,0,0,0,0,0,0,0,0,0,0,0,0,0,0,0,0,0,0,0,0,0,0,0,0,0,0,0,0,0,0
s__Bifidobacterium_gallinarum,0,0,0,0,0,0,0,0,0.02018,0,0,0,0,0,0,0,0,0,0.01392,0,0,0,0,0.03963,0.12952,0,0,0,0,0.00215,0,0.01294,0,0,0,0,0.01096,0,0,0,0.0134,0,0.18403,0.00271,0,0,0,0,0.00263,0,0,0,0,0,0,0,0,0,0,0,0,0,0,0,0.01039,0,0,0,0,0.01772,0,0.00404,0,0,0,0,0,0,0,0,0,0.03986,0,0,0,0,0,0,0.00687,0,0,0,0,0,0,0,0.03741,0.00748,0.00883,0.12387,0,0,0,0,0,0,0,0.02269,0,0,0,0,0,0,0,0,0,0.05766,0,0,0,0,0,0,0,0,0,0,0,0,0.00932,0,0,0,0,0.02034,0,0.0669,0,0,0,0,0,0.01283,0,0,0.014,0,0,0,0.00964,0,0,0,0,0,0,0,0,0,0,0,0.00218,0,0,0,0.0245,0.01549,0,0,0,0,0,0,0,0,0,0.00294,0,0,0,0.00876,0.03328,0.00813,0,0,0,0,0,0,0,0,0,0.0082,0,0,0,0,0.0175,0,0.08093,0,0,0.01817,0.00385,0,0,0.03374,0,0,0,0,0,0,0,0.01109,0.02842,0,0,0,0.00439,0,0,0,0,0
s__Candidatus_Arthromitus_sp_SFB_turkey,0,0,0,0,0,0,0,0,0,0,0,0,0,0,0,0,0,0,0,0,0,0,0,0,0,0,0,0,0,0,0,0,0,0,0,0,0,0.93526,0,0,0,0,0,0,0,0,0,0,0,0,0,0,0,0,0,0,0,0,0,0,0,0,0,0,0,0,0,0,0,0,0,0,0,0,0,0,0,0,0,0,0,0,0,0,0,0,0,0,0,0,0,0,0,0,0,0,0,0,0,0,0,0,0,0,0,0,0,0,0,0,0,0,0,0,0,0,0,0,0,0,0,0,0,0,0,0,0,0,0,0,0,0,0,0,0,0,0,0,0,0,0,0,0,0,0,0,0,0,0,0,0,0,0,0,0,0,0,0,0,0,0,0,0,0,0,0,0,0,0,0,0,0,0,0,0,0,0,0,0,0,0,0,0,0,0,0,0,0,0,0,0,0,0,0,0,0,0,0,0,0,0,0,0,0,0,0,0,0,0,0,0,0,0,0,0,0,0,0,0,0,0,0,0,0,0,0
s__Bifidobacterium_pseudolongum,0.21563,40.68777,44.11963,0.12085,7.24477,32.34688,41.41278,29.43328,12.03203,13.51569,20.72952,7.35514,0.47151,42.21398,1.11301,30.37592,0.03867,16.70264,36.22997,25.56727,0.00612,51.88781,32.44582,65.80615,0.04701,73.92433,42.72002,8.76642,56.33015,4.56881,6.26747,38.574,26.87831,61.61244,0.01376,12.19106,28.75199,22.54334,0.00976,32.19527,4.31819,40.98756,0.05673,1.12429,0.28991,49.3872,76.45622,11.77055,46.9021,41.3132,38.36458,0.14668,49.76815,35.47019,1.4229,60.30802,16.86032,0.25096,28.56836,1.54835,58.69276,57.67688,39.90167,63.48773,0.14111,57.06688,55.40021,11.39751,43.60689,38.50905,36.26749,37.82619,39.53664,27.34503,26.91376,4.82859,9.92011,0.00705,48.51069,0.80325,5.83247,0.00911,20.51829,20.21423,0.08433,29.96471,0.26087,14.48217,17.40961,30.02732,0.18501,49.18102,7.06465,66.68942,5.31083,8.60378,1.93956,64.27026,42.19479,10.72699,28.27995,50.24781,57.77346,38.28733,64.32711,4.26641,58.67346,20.74294,28.33515,25.17244,14.6115,32.05369,5.12443,2.57713,20.10004,23.22418,16.76672,0.35375,29.49421,15.2503,12.40505,11.8038,28.93577,30.88026,11.91329,31.82002,33.78794,4.45605,62.08449,56.04258,24.26072,52.05904,21.99628,39.3617,27.27085,32.68857,15.11907,9.77271,15.30831,4.45025,26.20054,33.00398,23.34522,2.72393,31.22044,67.32926,29.81533,12.12765,16.76971,0.24051,35.06804,58.78519,3.18359,4.56789,32.56484,42.2552,0.12324,92.52109,18.55468,10.32519,39.65289,26.77441,50.96881,6.9661,12.85991,56.54286,57.61647,1.15702,25.21549,44.37129,62.88026,22.3586,33.12797,72.78093,36.02141,19.53496,58.09421,38.3443,59.78194,82.29823,17.52405,56.57374,31.94344,10.63315,51.76794,92.58612,30.03784,91.78288,33.33308,19.96514,40.39603,17.92594,39.99332,33.91932,45.65315,18.90867,31.85591,37.19433,5.96265,45.41797,47.65694,27.68458,78.81501,63.41011,76.08547,30.00479,26.74362,20.89158,30.74801,9.93668,9.04134,2.48848,18.39078,22.66411,14.94423,62.14091,2.62765,60.74945,41.72114,42.06396,48.96589,27.63504,12.31137,23.81026,42.75964,1.85382
s__Clostridium_spiroforme,0,0,0,0,0,0,0,0,0,0,0,0,0,0,0,0,0,0,0,0,0,0,0,0,0,0,0,0,0,0,0,0,0,0,0,0,0,0,0,0,0,0,0,0,0,0,0,0.00354,0,0,0,0,0,0,0,0,0,0,0,0,0,0,0,0,0,0,0,0,0,0,0,0,0,0,0,0,0,0,0,0,0,0,0,0,0,0,0,0,0,0,0,0,0,0,0,0,0,0,0,0,0,0,0,0,0,0,0,0,0,0,0,0,0,0,0,0,0,0,0,0,0,0,0,0,0,0,0,0,0,0,0,0,0,0.07442,0,0,0,0,0.04082,0,0,0,0,0,0,0,0,0,0,0,0,0,0,0,0,0,0.26278,0,0,0,0,0,0,0,0,0,0,0,0,0,0,0,0,0,0,0,0,0,0,0,0,0,0,0,0,0,0,0,0,0,0,0,0,0,0,0,0,0,0,0,0,0,0,0,0,0,0,0,0,0,0,0.01688,0,0,0,0,0,0,0,0,0,0,0,0,0,0
s__Parasutterella_excrementihominis,0,0,0,0,0,0,0,0,0,0,0,0,0,0.01278,0.01127,0.00705,0,0,0,0,0,0,0,0,0,0,0,0.16319,0,0,0,0,0,0,0,0.01863,0.0705,0,0,0.12374,0.01613,0.03096,0,0,0,0,0,0,0.00747,0,0,0,0,0.02491,0,0,0,0,0,0,0,0,0,0,0,0,0,0,0,0,0,0,0,0,0,0,0,0,0,0,0,0,0,0,0,0,0,0,0.01315,0,0,0,0,0,0,0,0,0,0,0,0.05723,0,0,0,0,0,0,0,0,0,0,0,0,0,0,0,0,0,0.0471,0.01861,0,0,0,0,0,0,0,0,0,0,0,0,0,0,0,0,0,0,0,0,0,0,0,0,0,0,0,0,0,0,0,0,0,0,0,0,0,0,0,0,0,0,0,0,0,0,0,0,0,0,0,0,0,0,0,0,0,0,0,0,0,0,0,0,0,0,0,0,0,0.00957,0,0,0,0,0,0,0,0,0,0,0,0,0,0,0,0,0,0,0,0,0,0,0.23975,0,0,0,0,0,0,0,0,0,0.00414,0.03471,0.02026,0
s__Propionibacterium_humerusii,0,0,0,0,0,0,0,0,0,0,0,0,0,0,0,0,0,0,0,0,0,0,0,0,0,0,0,0,0,0,0,0,0,0,0,0,0,0,0,0,0,0,0,0,0,0,0,0,0,0,0,0,0,0,0,0,0,0,0,0,0,0,0,0,0,0,0,0,0,0,0,0,0,0,0,0,0,0,0,0,0,0,0,0,0,0,0,0,0,0,0,0,0,0,0,0,0,0,0,0,0,0,0,0,0,0,0,0,0,0,0,0,0,0,0,0,0,0,0,0,0,0,0,0,0,0,0,0,0,0,0,0,0,0,0,0,0,0,0,0,0,0,0,0,0,0,0,0,0,0,0,0,0,0,0,0,0,0,0,0,0,0,0,0,0,0,0,0,0,0,0,0,0,0,0,0,0,0,0,0,0,0,0,0,0,0,0,0,0,0,0,0,0,0.00934,0,0,0,0,0,0,0,0,0,0,0,0,0,0,0,0,0,0,0,0,0,0,0,0,0,0,0,0,0,0,0,0
s__Clostridium_hiranonis,3.08677,0.13301,0.32972,8.31791,0.93292,0.85854,0.14837,2.11526,0.78044,1.64826,1.54515,4.67218,2.43231,0.30329,2.53845,0.75024,0.53261,0.79396,1.55447,0.91846,1.66096,0.39154,0.22697,0,0.7027,0.13104,1.03949,0.5417,0.09219,0.55119,0.30041,0.53627,0.2536,0.10979,2.27274,2.18642,0.41849,0.3679,2.35438,0.49765,0.4567,1.46369,0.96663,0.77951,2.7019,0.07568,0.44895,2.36158,0.42132,0.65808,0.5598,1.28802,1.46423,0.11891,1.38169,0.11238,1.96808,1.39373,0.79161,7.99366,0.45692,0.20851,0.56693,0.33002,0.76463,0.33435,0.19964,1.24246,0.29219,0.97803,0.63719,1.51822,0.67974,1.58148,0.60859,2.26806,2.40992,1.28113,0.36489,1.32772,3.54316,0.7092,3.89508,0.65221,1.19305,0.31985,0,4.05229,0.9316,0.28617,0,0,0.00282,0,0,0.00783,0.02896,0,0,0.00499,0.06694,0,0,0,0,1.27399,0,0.09546,2.03413,0.33677,2.73315,1.16692,0.85142,3.77232,0.47996,0.82084,0.79146,1.89771,0.94379,2.89353,0.03674,5.31182,0.81202,0.59613,0,0,0,1.13306,0,0.08904,0.41592,0,0,1.1831,0,0,0.52554,0.15631,0.46045,0.48761,0,0.04852,0,0,1.33027,0,1.02903,2.23161,1.16907,0.3094,0.41786,0.11994,8.70073,7.00428,2.70528,0.41714,3.70182,0,2.73382,1.83656,0,0,0,0.22071,0,0,0,0.07332,1.12939,0,0,0,0,0.00563,0,0,0,0,0,0,0.035,0,0,2.39554,0.08797,0,0.97753,0,0.67236,1.44089,0.28688,0.27313,0.62556,0.75345,0.08433,0.72564,0.48974,1.49931,0.31473,0,1.00831,0.00853,0.00418,0,0,0,0,0,0.45724,1.75396,0.62887,7.3467,1.37529,0.59368,0.85545,0,0,0,0,0,0,0.7712,1.75141,0.18396,0.02982,1.36992
s__Methylobacterium_radiotolerans,0,0,0,0,0,0,0,0,0,0,0,0,0,0,0,0,0,0,0,0,0,0,0,0,0,0,0,0,0,0,0,0,0,0,0,0,0,0,0,0,0,0,0,0,0,0,0,0,0,0,0,0,0,0,0,0,0,0,0,0,0,0,0,0,0,0,0,0,0,0,0,0,0,0,0,0,0,0,0,0,0,0,0,0,0,0,0,0,0,0,0,0,0,0,0,0,0,0,0,0,0,0,0,0,0,0,0,0,0,0,0,0,0,0,0,0,0,0,0,0,0,0,0,0,0,0,0,0,0,0,0,0,0,0,0,0,0.00805,0,0,0,0,0,0,0,0,0,0,0,0,0,0,0,0,0,0,0,0,0,0,0,0,0,0,0,0,0,0,0,0,0,0,0,0,0,0,0,0,0,0,0,0,0,0,0,0,0,0,0,0,0,0,0,0,0,0,0,0,0,0,0,0,0,0,0,0,0,0,0,0,0,0,0,0,0,0,0,0,0,0,0,0,0,0,0,0,0
s__Anaerobiospirillum_thomasii,0.04618,0,0,0,0,0,0,0,0,0,0,0.79102,0,0,0.09161,0,0.0566,0,0,0,0,0,0.19808,0,0,0,0,0.11411,0,0,0,0,0,0,0,0,0,0,0,0,0.0171,0,0,0,0,0,0,0,0,0,0,0,0,0,0,0,0,0,0.03156,0,0,0,0,0,0,0,0,0,0,0,0,0,0,0,0,0.05128,0,0,0,0,0,0,0,0,0.30623,0,0,0,0,0,0,0,0,0,0,0,0,0,0,0,0,0,0,0,0,0,0,0,0,0,0,0,0,0,0.03954,0,0,0,0,2.93881,0,0,0.05944,0,0,0,0,0,0,0,0,0,0,0,0,0,0,0,0,0,0,0,0,0,0,0,0,0,0,0,0,0,0.02526,0,0,0,0,0,0,0,0,0,0,0,0,0,0,0,0,0,0,0,0,0,0,0,0,0,0,0,0,0,0,0,0,0,0,0,0,0,0,0.10575,0,0,0,0,0,0,0,0,0.06981,0,0,0,0,0,0,0,0,0,0,0,0,0,0.06088,0,0,0,0,0,0,0,0.61614,0.07025,0,0
s__Propionibacterium_freudenreichii,0,0,0,0,0,0,0,0,0,0,0,0,0,0,0,0,0,0,0,0,0,0,0,0,0,0,0,0,0,0,0,0,0,0,0,0,0,0,0,0,0,0,0,0,0,0,0,0,0,0,0,0,0,0,0,0,0,0,0,0,0,0,0,0,0,0,0,0,0,0,0,0,0,0,0,0,0,0,0,0,0,0,0,0,0,0,0,0,0,0,0,0,0,0,0,0,0,0,0,0,0,0,0,0,0,0,0,0,0,0,0,0,0,0,0,0,0,0,0,0,0,0,0,0,0,0,0,0,0,0,0,0,0,0,0,0,0,0,0,0,0,0,0,0,0,0,0,0,0,0,0,0,0,0,0,0,0,0,0,0,0,0,0,0,0,0,0,0,0,0,0,0,0,0,0,0,0,0,0,0,0,0,0,0,0,0,0,0,0,0,0,0,0,0,0,0,0,0,0,0,0,0,0.0131,0,0,0,0,0,0,0,0,0,0,0,0,0,0,0,0,0,0,0,0,0,0,0
s__Candidatus_Nitrosocosmicus_oleophilus,0,0,0,0,0,0,0,0,0,0,0,0,0,0,0,0,0,0,0,0,0,0,0,0,0,0,0,0,0,0,0,0,0,0,0,0,0,0,0,0,0,0,0,0,0,0,0,0,0,0,0,0,0,0,0,0,0,0.31521,0,0,0,0,0,0,0,0,0,0,0,0,0,0,0,0,0,0,0,0,0,0,0,0,0,0,0.1134,0,0,0,0.00653,0,0,0,0,0,0,0,0,0,0,0,0,0,0,0,0,0,0,0,0,0,0,0,0,0,0,0,0,0,0,0,0,0,0,0,0,0,0,0,0,0,0.02823,0,0,0,0,0,0,0,0,0,0,0,0,0,0,0,0,0,0,0,0,0,0,0,0,0,0,0,0,0,0,0,0,0,0,0,0,0,0,0,0,0,0,0,0,0,0,0,0,0,0,0,0,0,0,0,0,0,0,0,0,0,0,0,0,0,0,0,0,0,0,0,0,0,0,0,0,0,0.01459,0,0,0,0,0,0,0,0,0,0,0,0,0,0,0,0,0
s__Firmicutes_bacterium_CAG_424,1.04473,0.66708,0.34961,2.08497,1.00351,0.41264,0.09783,0.31951,0.85395,3.34851,0.35259,1.12738,0.99881,0.12228,1.44575,0.42245,0.36259,0.38244,0.04856,0.50053,1.32839,0.82093,0.35471,0,0.79273,0,0.30836,0.22888,0.03575,0.22944,0,0.08476,0.20799,0.12413,1.60087,0.27909,0.31216,0.76181,1.33358,0.19884,0.22048,0.41194,0.99273,0.21578,0.35484,0.43338,0.10396,0.77243,0.00428,0.50299,0.25873,1.38849,0.93807,0.42867,0.60313,0.28268,0.14596,0.91729,0.28668,0.51939,0.02943,0.24197,0.06469,0.06644,0.82872,0.13985,0.07306,0.19301,0.08936,0.03484,0.37243,0.31669,0.26707,1.66708,0.41409,2.72719,1.04787,2.09818,1.02294,0.49042,2.99254,0.51755,0.48706,0.35728,0.31813,0.27559,0,2.68352,0.19716,0.47039,0.0034,0,0,0,0,0.44855,1.28773,0,0,0,0.09459,0.01653,0,0,0,0.04734,0,0.20711,1.03484,0.68351,1.21594,0.12419,0.30216,1.00518,0.18086,0.12501,0.1389,3.07954,0,0.37506,0.28686,0.59363,0.21864,0.74022,0.1858,0.39817,1.09788,1.33717,0,0.7475,0.11345,0.10597,0.2581,0.39399,0.94054,0.80744,1.24978,3.41804,0.00873,1.39414,0,0.12429,0.77816,0.02821,0.46696,0,0.85724,0.13379,1.30674,0.45175,0.71173,0.3853,4.47733,0.42016,1.12037,0.03739,9.73869,0,0.09873,2.026,0,0,0,0.84617,0,0,0,0,0.44419,0,0,0,0,0,0.03885,0,0,0,0,0,0,0.01539,0,1.44926,0,0,0.16097,0,0.07522,0.17413,0,0.04248,0.06056,0.16718,0.12509,0.40866,0.12059,0.08579,0.11821,0,0.05498,0,0,0,0,0,0,0,0.27653,0.11376,1.08174,0.41596,0.18109,0.08438,0.14142,0,0,0,0,0,0,0.15859,0.96007,0.09448,0.09394,1.22532
s__Firmicutes_bacterium_CAG_646,2.22652,0.56575,0.18045,8.31657,1.61256,1.58226,0.22194,0.4842,0.52622,1.6528,0.12899,2.48111,0.70745,0.24588,4.30813,0.57486,0.96497,0.46811,0.33932,1.64405,3.3023,0.61257,0.30112,0,0.92365,0.46052,0.77536,0.21872,0.21611,1.12821,0.0244,0.17526,0.27529,0.24115,1.22493,1.37951,0.41184,0,1.71501,0.10687,0.68956,0.14597,1.03802,0.1565,0.95637,0.43035,0.03307,0.66424,0.0951,0.36571,0.61646,0.61468,1.41601,0.13657,0.98962,0.10177,0.45594,1.11153,0.18867,3.03001,0.64103,0.16819,0.113,0.18275,0.84154,0.71013,0.05279,0.57753,0.49886,1.36934,0.34439,0.15471,0.22912,1.66516,0.67093,7.89192,0.72778,3.37507,0.42415,1.22431,2.41865,0.19107,1.15496,1.03645,3.57092,1.58712,0.01036,1.66818,0.114,0.45373,0.11677,0,0.07789,0,0.02821,2.79725,0.90328,0,0.00513,1.85741,0.57417,0.57662,0.01729,0,0.0639,3.45861,0.36062,0.65222,0.60719,0.55836,0.94578,0.37186,3.11369,0.98624,0.41034,2.26268,0.13431,2.34509,0,0.57257,0.16343,1.64021,0.11655,0.5745,0.26108,0.74089,4.61963,15.21796,0.00369,1.7245,3.51276,1.30626,3.97986,2.61694,2.0168,3.02893,9.94544,16.12202,3.38669,11.91687,0.01938,1.775,0.97565,0.24189,0.53653,0,1.95346,0.81649,0.75133,4.17375,0.24261,0.29919,6.94219,1.88493,1.79652,0.14416,3.91989,0,0.84718,2.55885,0.02022,0,0,1.83137,0.44492,0,0,0.17913,2.33699,0,0.00484,0.01936,0,0,0.26847,0.07581,0.08887,0,0,0,0.05389,0.02556,0,4.18131,0,0,0.15412,0,0.55439,0.20788,0.14905,0.08934,0.45015,0.34251,0.05199,0.97,0.56187,0,0.75802,0,0.40163,0.00895,0,0,0,0,0,0,0.60557,0.08808,3.38326,0.36729,0,0.41102,0.18876,0,0,0,0,0,0,0.3223,0.43166,0.03762,0.21506,1.1019
s__Proteobacteria_bacterium_CAG_139,0.17012,0.04108,0.271,0,0.02103,0,0,0,0,0,0.47719,0,0,0.9116,0.62161,0.3575,0,0.26253,0,0,0,0.25275,0.20613,0,0,0.12307,0.07372,4.68156,0.04728,0,0.404,0,0.11176,0.03539,0,0.58437,2.27333,0,0,3.21831,0.53096,1.12948,0,0.07667,0,0.7567,0,0.20167,0.49292,0.47751,0.29063,0,0,1.79804,0,0.08978,0,0,0.30678,0,0.31192,0.00379,0,0,0,0.51725,0.0381,0.09537,0,0,0.93439,0.36989,0,0,0,0,0,0,0,0,0,0,0,0,0,0.00373,0,0,0.4948,0,0,0,0,0,0,0,0,0,0,0,2.58259,0,0,0,0,0,0.01376,0,0,0,0,0,0,0,0.39974,0.37439,0,0,1.33446,1.14438,0,0,0.06684,0.66485,0,0,0,0,0,0,0,0,0,0,0,0.03456,0,0,0,0.10815,0,0,0,0,0,0,0.33673,0.31472,0.06386,0,0.02729,0.0188,0,0,0.22566,0,0.05281,0,1.36052,0,0,0,0,0,0,0,0,0,0.04974,0,0,0,0,0,0,0,0,0,0,0,0,0,0,0,0,0,0,0,1.02643,0.78449,0,0.27247,0.24899,0.23842,0.01925,0.17502,0.14568,0,0,0,0.07034,0,0,0,0,0,0,0,0,0.41908,0.44329,0,4.38018,0.26265,0.40186,0,0,0,0,0,0,1.35882,0.41745,1.78936,0.84112,0.13757
