Metagenomics Sample Number	Sequence file names_R1	Sequence file names_R2	Diet Name	Diet Order Group Number	Diet Order Names	Time Point	Phase Day & Time	Animal Name - Tattoo 2	Animal Name	Animal Tattoo	Gender	age (yr)	BW	Location	Breed	Mean(ACT~Body Weight~WEIGH~kg)	Median(ACT~Body Weight~WEIGH~kg)	Min(ACT~Body Weight~WEIGH~kg)	Max(ACT~Body Weight~WEIGH~kg)	Range(ACT~Body Weight~WEIGH~kg)	Std Dev(ACT~Body Weight~WEIGH~kg)	Std Err(ACT~Body Weight~WEIGH~kg)	Ash_Diet	Phosphorus_Diet	Fiber Soluble_Diet	Fiber Total Dietary_Diet	Protein Crude_Diet	Starch_Diet	Sugars - Total_Diet	Total Digestible Carbohydrate_Diet	Fat Crude_Diet	Monounsaturated Fatty Acids_Diet	Omega 3 Sum_Diet	Omega 6 Sum_Diet	Polyunsaturated Fatty Acids_Diet	Mean(Feeding_Info~total_intake_gms (per MBW))	Median(Feeding_Info~total_intake_gms (per MBW))	Min(Feeding_Info~total_intake_gms (per MBW))	Max(Feeding_Info~total_intake_gms (per MBW))	Std Dev(Feeding_Info~total_intake_gms (per MBW))	Std Err(Feeding_Info~total_intake_gms (per MBW))	Diet Metabolizable Energy (per kg as fed)	Mean(Feeding_Info~total_intake_kcal (per MBW))	Protein Crude_Dog Intake (per MBW)	Fat Crude_Dog Intake (per MBW)	Total Digestible Carbohydrate_Dog Intake (per MBW)	Fiber Total Dietary_Dog Intake (per MBW)	Ash_Dog Intake (per MBW)	Phosphorus_Dog Intake (per MBW)	Fiber Insoluble_Dog Intake (per MBW)	Fiber Soluble_Dog Intake (per MBW)	Starch_Dog Intake (per MBW)	Sugars - Total_Dog Intake (per MBW)	Monounsaturated Fatty Acids_Dog Intake (per MBW)	Omega 3 Sum_Dog Intake (per MBW)	Omega 6 Sum_Dog Intake (per MBW)	Polyunsaturated Fatty Acids_Dog Intake (per MBW)	True Protein Digestibility	Apparent Fat Digestibility	Apparent Carbohydrate Digestibility	Apparent Fiber Digestibility	Fecal Bypass True Protein (g per MBW)	Fecal Bypass Fat (g per MBW)	Fecal Bypass Carbohydrate (g per MBW)	Fecal Bypass Fiber (g per MBW)
F-50179122-003S	F-50179122-003S_S15_L002_R1_001.fastq.gz	F-50179122-003S_S15_L002_R2_001.fastq.gz	HiCHO	2	LoCHO_FAT - LoCHO_PROT	Prefeed	P-27-0hr	AQUATA-FGS-1	AQUATA	FGS-1	Spayed Female	8.106849315	10.7	B5-21-09	Beagle	9.5	9.45	9.3	9.8	0.5	0.21602469	0.108012345	4.89	0.68	2.1	10.6	23.69	35.5	1.1	36.6	14.63	5.17	0.45	3.61	4.09	27.3934516	26.72035099	24.94830613	35.6032666	2.629799884	0.472326002	3767.895	103.2156493	6.489508683	4.007661969	10.02600328	2.903705869	1.339539783	0.186275471	2.328443385	0.575262484	9.724675317	0.301327968	1.416241448	0.123270532	0.988903603	1.12039217	89.7	89.8	88	2.3	0.668419394	0.408781521	1.203120394	2.836920634
F-50179223-003S	F-50179223-003S_S85_L002_R1_001.fastq.gz	F-50179223-003S_S85_L002_R2_001.fastq.gz	LoCHO_PROT	2	LoCHO_FAT - LoCHO_PROT	T2	T-69-0hr	AQUATA-FGS-1	AQUATA	FGS-1	Spayed Female	8.106849315	10.7	B5-21-09	Beagle	8.96	9	8.8	9.1	0.3	0.114017543	0.050990195	8.55	1.2	0.7	13.6	49.31	6.4	0.74	7.14	15.12	5.59	0.57	3.08	3.67	38.454319	38.46058797	36.67915307	39.73141513	0.737460484	0.12647343	3688.95	141.8560601	18.9618247	5.814293033	2.745638377	5.229787384	3.287844275	0.461451828	4.960607151	0.269180233	2.461076416	0.284561961	2.149596432	0.219189618	1.184393025	1.411273507	94.6	90.4	61	-0.4	1.023938534	0.558172131	1.070798967	5.250706534
F-50179221-003S	F-50179221-003S_S51_L002_R1_001.fastq.gz	F-50179221-003S_S51_L002_R2_001.fastq.gz	LoCHO_FAT	2	LoCHO_FAT - LoCHO_PROT	T1	T-34-0hr	AQUATA-FGS-1	AQUATA	FGS-1	Spayed Female	8.106849315	10.7	B5-21-09	Beagle	9	8.9	8.6	9.5	0.9	0.331662479	0.14832397	5.66	0.58	1.7	14.2	30.94	4.6	0.97	5.57	32.76	10.32	1.77	4.35	6.22	23.03111185	23.09428156	21.10726812	24.25869912	0.485857045	0.08212483	4168.205	95.99839556	7.125826006	7.544992242	1.28283293	3.270417882	1.303560931	0.133580449	2.878888981	0.391528901	1.059431145	0.223401785	2.376810743	0.40765068	1.001853365	1.432535157	86.1	94.2	53	0.6	0.990489815	0.43760955	0.602931477	3.250795375
F-50179079-003S	F-50179079-003S_S16_L002_R1_001.fastq.gz	F-50179079-003S_S16_L002_R2_001.fastq.gz	HiCHO	1	LoCHO_PROT - LoCHO_FAT	Prefeed	P-27-0hr	ARBY-3730264	ARBY	3730264	Neutered Male	1.498630137	12.6	B6-41-10	Beagle	11.975	12.05	11.7	12.1	0.4	0.189296945	0.094648472	4.89	0.68	2.1	10.6	23.69	35.5	1.1	36.6	14.63	5.17	0.45	3.61	4.09	34.79141456	34.46014474	32.06079648	40.13476354	1.762494934	0.316553435	3767.895	131.090397	8.24208611	5.089983951	12.73365773	3.687889944	1.701300172	0.236581619	2.957270238	0.730619706	12.35095217	0.38270556	1.798716133	0.156561366	1.255970066	1.422968856	89.7	89.8	88	2.3	0.848934869	0.519178363	1.528038928	3.603068475
F-50179153-003S	F-50179153-003S_S52_L002_R1_001.fastq.gz	F-50179153-003S_S52_L002_R2_001.fastq.gz	LoCHO_PROT	1	LoCHO_PROT - LoCHO_FAT	T1	T-34-0hr	ARBY-3730264	ARBY	3730264	Neutered Male	1.498630137	12.6	B6-41-10	Beagle	12.02	12	11.8	12.3	0.5	0.228035085	0.10198039	8.55	1.2	0.7	13.6	49.31	6.4	0.74	7.14	15.12	5.59	0.57	3.08	3.67	35.06283478	37.37833511	22.14662781	38.77520246	5.01943817	0.873772031	3688.95	129.3450444	17.28948383	5.301500618	2.503486403	4.76854553	2.997872374	0.420754017	4.523105687	0.245439843	2.244021426	0.259464977	1.960012464	0.199858158	1.079935311	1.286806036	94.6	90.4	61	-0.4	0.933632127	0.508944059	0.976359697	4.787619712
F-50179155-003S	F-50179155-003S_S86_L002_R1_001.fastq.gz	F-50179155-003S_S86_L002_R2_001.fastq.gz	LoCHO_FAT	1	LoCHO_PROT - LoCHO_FAT	T2	T-69-0hr	ARBY-3730264	ARBY	3730264	Neutered Male	1.498630137	12.6	B6-41-10	Beagle	11.36	11.4	11.1	11.6	0.5	0.181659021	0.081240384	5.66	0.58	1.7	14.2	30.94	4.6	0.97	5.57	32.76	10.32	1.77	4.35	6.22	31.76143239	30.42142086	29.27347846	35.19018413	2.408291013	0.407075479	4168.205	132.3881613	9.826987183	10.40504525	1.769111784	4.5101234	1.797697074	0.184216308	3.970179049	0.539944351	1.46102589	0.308085894	3.277779823	0.562177353	1.381622309	1.975561095	86.1	94.2	53	0.6	1.365951218	0.603492624	0.831482538	4.48306266
F-50179110-003S	F-50179110-003S_S17_L002_R1_001.fastq.gz	F-50179110-003S_S17_L002_R2_001.fastq.gz	HiCHO	1	LoCHO_PROT - LoCHO_FAT	Prefeed	P-27-0hr	BACON BEAGLE-WIT-1	BACON BEAGLE	WIT-1	Neutered Male	8.117808219	12	B7-53-18	Beagle	12.175	12.15	12.1	12.3	0.2	0.095742711	0.047871355	4.89	0.68	2.1	10.6	23.69	35.5	1.1	36.6	14.63	5.17	0.45	3.61	4.09	31.95556267	32.21493492	30.6379796	32.8314887	0.669016153	0.120158848	3767.895	120.4052048	7.570272795	4.675098818	11.69573594	3.387289643	1.562627014	0.217297826	2.716222827	0.671066816	11.34422475	0.351511189	1.65210259	0.143800032	1.153595812	1.306982513	89.7	89.8	88	2.3	0.779738098	0.476860079	1.403488313	3.309381981
F-50179245-003S	F-50179245-003S_S53_L002_R1_001.fastq.gz	F-50179245-003S_S53_L002_R2_001.fastq.gz	LoCHO_PROT	1	LoCHO_PROT - LoCHO_FAT	T1	T-34-0hr	BACON BEAGLE-WIT-1	BACON BEAGLE	WIT-1	Neutered Male	8.117808219	12	B7-53-18	Beagle	12.4	12.4	12.2	12.5	0.3	0.122474487	0.054772256	8.55	1.2	0.7	13.6	49.31	6.4	0.74	7.14	15.12	5.59	0.57	3.08	3.67	34.81200743	34.92816366	33.54457959	35.60598071	0.524708336	0.089986737	3688.95	128.4197548	17.16580086	5.263575523	2.48557733	4.73443301	2.976426635	0.417744089	4.490748958	0.243684052	2.227968475	0.257608855	1.945991215	0.198428442	1.072209829	1.277600673	94.6	90.4	61	-0.4	0.926953246	0.50530325	0.969375159	4.753370742
F-50179247-003S	F-50179247-003S_S87_L002_R1_001.fastq.gz	F-50179247-003S_S87_L002_R2_001.fastq.gz	LoCHO_FAT	1	LoCHO_PROT - LoCHO_FAT	T2	T-69-0hr	BACON BEAGLE-WIT-1	BACON BEAGLE	WIT-1	Neutered Male	8.117808219	12	B7-53-18	Beagle	12.46	12.4	12.3	12.7	0.4	0.151657509	0.0678233	5.66	0.58	1.7	14.2	30.94	4.6	0.97	5.57	32.76	10.32	1.77	4.35	6.22	27.13631653	27.22676639	26.18783605	27.9966111	0.395705498	0.066886437	4168.205	113.1097302	8.395976335	8.889857295	1.511492831	3.853356947	1.535915516	0.157390636	3.392039566	0.461317381	1.24827056	0.26322227	2.800467866	0.480312803	1.180429769	1.687878888	86.1	94.2	53	0.6	1.167040711	0.515611723	0.710401631	3.830236805
F-50179085-003S	F-50179085-003S_S18_L002_R1_001.fastq.gz	F-50179085-003S_S18_L002_R2_001.fastq.gz	HiCHO	1	LoCHO_PROT - LoCHO_FAT	Prefeed	P-27-0hr	BORON-127AA	BORON	127AA	Neutered Male	7.279452055	11.4	B6-32-02	Beagle	10.35	10.45	10	10.5	0.5	0.238047614	0.119023807	4.89	0.68	2.1	10.6	23.69	35.5	1.1	36.6	14.63	5.17	0.45	3.61	4.09	25.40805522	25.21029057	11.02533234	34.45911212	3.911342836	0.702497911	3767.895	95.73488424	6.019168283	3.717198479	9.299348212	2.693253854	1.2424539	0.172774776	2.159684694	0.53356916	9.019859604	0.279488607	1.313596455	0.114336249	0.917230794	1.039189459	89.7	89.8	88	2.3	0.619974333	0.379154245	1.115921785	2.631309015
F-50179143-003S	F-50179143-003S_S54_L002_R1_001.fastq.gz	F-50179143-003S_S54_L002_R2_001.fastq.gz	LoCHO_PROT	1	LoCHO_PROT - LoCHO_FAT	T1	T-34-0hr	BORON-127AA	BORON	127AA	Neutered Male	7.279452055	11.4	B6-32-02	Beagle	10.3	10.3	10.2	10.4	0.2	0.070710678	0.031622777	8.55	1.2	0.7	13.6	49.31	6.4	0.74	7.14	15.12	5.59	0.57	3.08	3.67	26.30233807	27.55425142	20.17576779	28.35043232	2.335949535	0.40061204	3688.95	97.02801001	12.9696829	3.976913516	1.877986938	3.577117977	2.248849905	0.315628057	3.393001611	0.184116366	1.683349636	0.194637302	1.470300698	0.149923327	0.810112012	0.965295807	94.6	90.4	61	-0.4	0.700362877	0.381783698	0.732414906	3.591426449
F-50179145-003S	F-50179145-003S_S88_L002_R1_001.fastq.gz	F-50179145-003S_S88_L002_R2_001.fastq.gz	LoCHO_FAT	1	LoCHO_PROT - LoCHO_FAT	T2	T-69-0hr	BORON-127AA	BORON	127AA	Neutered Male	7.279452055	11.4	B6-32-02	Beagle	10.28	10.3	10.1	10.5	0.4	0.178885438	0.08	5.66	0.58	1.7	14.2	30.94	4.6	0.97	5.57	32.76	10.32	1.77	4.35	6.22	28.6964624	28.59393886	27.94445411	30.18249102	0.496041356	0.083846293	4168.205	119.6127381	8.878685468	9.400961084	1.598392956	4.074897661	1.624219772	0.166439482	3.5870578	0.487839861	1.320037271	0.278355685	2.96147492	0.507927385	1.248296115	1.784919962	86.1	94.2	53	0.6	1.23413728	0.545255743	0.751244689	4.050448275
F-50179129-003S	F-50179129-003S_S19_L002_R1_001.fastq.gz	F-50179129-003S_S19_L002_R2_001.fastq.gz	HiCHO	1	LoCHO_PROT - LoCHO_FAT	Prefeed	P-27-0hr	COACH-1663888	COACH	1663888	Neutered Male	8.953424658	11.1	B6-31-19	Beagle	10.175	10.2	9.7	10.6	0.9	0.403112887	0.201556444	4.89	0.68	2.1	10.6	23.69	35.5	1.1	36.6	14.63	5.17	0.45	3.61	4.09	24.39987745	23.82894409	22.10217255	32.67826709	2.598620253	0.466725975	3767.895	91.93617625	5.780330968	3.569702071	8.930355147	2.58638701	1.193154007	0.165919167	2.073989584	0.512397426	8.661956495	0.268398652	1.261473664	0.109799449	0.880835576	0.997954988	89.7	89.8	88	2.3	0.59537409	0.364109611	1.071642618	2.526900109
F-50179261-003S	F-50179261-003S_S55_L002_R1_001.fastq.gz	F-50179261-003S_S55_L002_R2_001.fastq.gz	LoCHO_PROT	1	LoCHO_PROT - LoCHO_FAT	T1	T-34-0hr	COACH-1663888	COACH	1663888	Neutered Male	8.953424658	11.1	B6-31-19	Beagle	10.08	10.1	9.9	10.2	0.3	0.109544512	0.048989795	8.55	1.2	0.7	13.6	49.31	6.4	0.74	7.14	15.12	5.59	0.57	3.08	3.67	26.25004458	26.29936352	25.06382295	26.67419115	0.304717931	0.052258694	3688.95	96.83510197	12.94389698	3.969006741	1.874253183	3.570006063	2.244378812	0.315000535	3.386255751	0.183750312	1.680002853	0.19425033	1.467377492	0.149625254	0.808501373	0.963376636	94.6	90.4	61	-0.4	0.698970437	0.381024647	0.730958741	3.584286087
F-50179263-003S	F-50179263-003S_S89_L002_R1_001.fastq.gz	F-50179263-003S_S89_L002_R2_001.fastq.gz	LoCHO_FAT	1	LoCHO_PROT - LoCHO_FAT	T2	T-69-0hr	COACH-1663888	COACH	1663888	Neutered Male	8.953424658	11.1	B6-31-19	Beagle	9.9	9.9	9.8	10.1	0.3	0.122474487	0.054772256	5.66	0.58	1.7	14.2	30.94	4.6	0.97	5.57	32.76	10.32	1.77	4.35	6.22	27.97516027	27.98415138	27.1818925	28.66774856	0.304479815	0.051466482	4168.205	116.6062029	8.655514586	9.164662503	1.558216427	3.972472758	1.583394071	0.16225593	3.496895033	0.475577725	1.286857372	0.271359055	2.887036539	0.495160337	1.216919472	1.740054968	86.1	94.2	53	0.6	1.203116527	0.531550425	0.732361721	3.948637921
F-50179112-003S	F-50179112-003S_S20_L002_R1_001.fastq.gz	F-50179112-003S_S20_L002_R2_001.fastq.gz	HiCHO	1	LoCHO_PROT - LoCHO_FAT	Prefeed	P-27-0hr	FLAMINGO-1969634	FLAMINGO	1969634	Spayed Female	7.698630137	8.1	B5-23-03	Beagle	8.25	8.25	8.1	8.4	0.3	0.129099445	0.064549722	4.89	0.68	2.1	10.6	23.69	35.5	1.1	36.6	14.63	5.17	0.45	3.61	4.09	32.13083206	32.62995024	29.16246726	33.23796173	1.170993087	0.210316567	3767.895	121.0656015	7.611794115	4.700740731	11.75988453	3.405868198	1.571197688	0.218489658	2.731120725	0.674747473	11.40644538	0.353439153	1.661164018	0.144588744	1.159923037	1.314151031	89.7	89.8	88	2.3	0.784014794	0.479475555	1.411186144	3.327533229
F-50179225-003S	F-50179225-003S_S56_L002_R1_001.fastq.gz	F-50179225-003S_S56_L002_R2_001.fastq.gz	LoCHO_PROT	1	LoCHO_PROT - LoCHO_FAT	T1	T-34-0hr	FLAMINGO-1969634	FLAMINGO	1969634	Spayed Female	7.698630137	8.1	B5-23-03	Beagle	8.7	8.7	8.5	8.9	0.4	0.2	0.089442719	8.55	1.2	0.7	13.6	49.31	6.4	0.74	7.14	15.12	5.59	0.57	3.08	3.67	35.23932964	35.54439208	32.7433726	36.56008474	0.874350884	0.149949939	3688.95	129.9961251	17.37651344	5.328186641	2.516088136	4.792548831	3.012962684	0.422871956	4.545873524	0.246675307	2.255317097	0.260771039	1.969878527	0.200864179	1.085371353	1.293283398	94.6	90.4	61	-0.4	0.938331726	0.511505918	0.981274373	4.811719026
F-50179227-003S	F-50179227-003S_S90_L002_R1_001.fastq.gz	F-50179227-003S_S90_L002_R2_001.fastq.gz	LoCHO_FAT	1	LoCHO_PROT - LoCHO_FAT	T2	T-69-0hr	FLAMINGO-1969634	FLAMINGO	1969634	Spayed Female	7.698630137	8.1	B5-23-03	Beagle	8.84	8.8	8.7	9	0.3	0.114017543	0.050990195	5.66	0.58	1.7	14.2	30.94	4.6	0.97	5.57	32.76	10.32	1.77	4.35	6.22	26.4132321	25.66279252	23.68873156	28.77102475	1.414219657	0.239046752	4168.205	110.0957661	8.172254011	8.652974835	1.471217028	3.750678958	1.494988937	0.153196746	3.301654012	0.449024946	1.215008676	0.256208351	2.725845552	0.467514208	1.148975596	1.642903036	86.1	94.2	53	0.6	1.135943308	0.50187254	0.691472003	3.728174884
F-50179108-003S	F-50179108-003S_S21_L002_R1_001.fastq.gz	F-50179108-003S_S21_L002_R2_001.fastq.gz	HiCHO	1	LoCHO_PROT - LoCHO_FAT	Prefeed	P-27-0hr	FRANKENWEENIE-120AD	FRANKENWEENIE	120AD	Neutered Male	7.008219178	10.6	B5-12-15	Beagle	10.4	10.45	10.2	10.5	0.3	0.141421356	0.070710678	4.89	0.68	2.1	10.6	23.69	35.5	1.1	36.6	14.63	5.17	0.45	3.61	4.09	26.05011721	25.98014713	24.51224525	27.23582806	0.548189805	0.098457796	3767.895	98.15410638	6.171272766	3.811132147	9.534342898	2.761312424	1.273850731	0.177140797	2.214259963	0.547052461	9.247791609	0.286551289	1.34679106	0.117225527	0.940409231	1.065449794	89.7	89.8	88	2.3	0.635641095	0.388735479	1.144121148	2.697802238
F-50179241-003S	F-50179241-003S_S57_L002_R1_001.fastq.gz	F-50179241-003S_S57_L002_R2_001.fastq.gz	LoCHO_PROT	1	LoCHO_PROT - LoCHO_FAT	T1	T-34-0hr	FRANKENWEENIE-120AD	FRANKENWEENIE	120AD	Neutered Male	7.008219178	10.6	B5-12-15	Beagle	10.5	10.5	10.4	10.6	0.2	0.070710678	0.031622777	8.55	1.2	0.7	13.6	49.31	6.4	0.74	7.14	15.12	5.59	0.57	3.08	3.67	28.14699315	28.13081392	26.23007042	29.31596106	0.615564969	0.105568521	3688.95	103.8328504	13.87928232	4.255825364	2.009695311	3.827991068	2.406567914	0.337763918	3.630962116	0.197028952	1.801407561	0.208287749	1.573416917	0.160437861	0.866927389	1.032994648	94.6	90.4	61	-0.4	0.749481245	0.408559235	0.783781171	3.843303032
F-50179243-003S	F-50179243-003S_S91_L002_R1_001.fastq.gz	F-50179243-003S_S91_L002_R2_001.fastq.gz	LoCHO_FAT	1	LoCHO_PROT - LoCHO_FAT	T2	T-69-0hr	FRANKENWEENIE-120AD	FRANKENWEENIE	120AD	Neutered Male	7.008219178	10.6	B5-12-15	Beagle	10.16	10.1	9.9	10.5	0.6	0.240831892	0.107703296	5.66	0.58	1.7	14.2	30.94	4.6	0.97	5.57	32.76	10.32	1.77	4.35	6.22	22.38171086	22.58414851	20.65117807	23.298765	0.601191342	0.101619884	4168.205	93.29155911	6.92490134	7.332248477	1.246661295	3.178202942	1.266804835	0.129813923	2.797713857	0.380489085	1.029558699	0.217102595	2.309792561	0.396156282	0.973604422	1.392142415	86.1	94.2	53	0.6	0.962561286	0.425270412	0.585930809	3.159133724
F-50179123-003S	F-50179123-003S_S22_L002_R1_001.fastq.gz	F-50179123-003S_S22_L002_R2_001.fastq.gz	HiCHO	1	LoCHO_PROT - LoCHO_FAT	Prefeed	P-27-0hr	FRONTIER-1971400	FRONTIER	1971400	Neutered Male	7.687671233	11.8	B6-31-12	Beagle	10.55	10.55	10.3	10.8	0.5	0.2081666	0.1040833	4.89	0.68	2.1	10.6	23.69	35.5	1.1	36.6	14.63	5.17	0.45	3.61	4.09	33.43113491	32.17687104	30.51602964	49.64930083	5.225987815	0.93861512	3767.895	125.9650061	7.919835861	4.890975038	12.23579538	3.543700301	1.634782497	0.227331717	2.841646468	0.702053833	11.86805289	0.367742484	1.728389675	0.150440107	1.20686397	1.367333418	89.7	89.8	88	2.3	0.815743094	0.498879454	1.468295446	3.462195194
F-50179058-003S	F-50179058-003S_S58_L002_R1_001.fastq.gz	F-50179058-003S_S58_L002_R2_001.fastq.gz	LoCHO_PROT	1	LoCHO_PROT - LoCHO_FAT	T1	T-34-0hr	FRONTIER-1971400	FRONTIER	1971400	Neutered Male	7.687671233	11.8	B6-31-12	Beagle	10.8	10.8	10.6	11	0.4	0.2	0.089442719	8.55	1.2	0.7	13.6	49.31	6.4	0.74	7.14	15.12	5.59	0.57	3.08	3.67	35.44372011	35.4235397	34.38523292	36.2576961	0.503161093	0.086291416	3688.95	130.7501113	17.47729839	5.359090481	2.530681616	4.820345935	3.03043807	0.425324641	4.572239894	0.248106041	2.268398087	0.262283529	1.981303954	0.202029205	1.09166658	1.300784528	94.6	90.4	61	-0.4	0.943774113	0.514472686	0.98696583	4.839627319
F-50179060-003S	F-50179060-003S_S92_L002_R1_001.fastq.gz	F-50179060-003S_S92_L002_R2_001.fastq.gz	LoCHO_FAT	1	LoCHO_PROT - LoCHO_FAT	T2	T-69-0hr	FRONTIER-1971400	FRONTIER	1971400	Neutered Male	7.687671233	11.8	B6-31-12	Beagle	9.94	9.8	9.6	10.7	1.1	0.439317653	0.196468827	5.66	0.58	1.7	14.2	30.94	4.6	0.97	5.57	32.76	10.32	1.77	4.35	6.22	35.04026175	34.93881856	26.8953802	42.72209056	5.739213212	0.970104093	4168.205	146.0549942	10.84145698	11.47918975	1.951742579	4.975717168	1.983278815	0.203233518	4.380032718	0.59568445	1.61185204	0.339890539	3.616155012	0.620212633	1.524251386	2.179504281	86.1	94.2	53	0.6	1.50696252	0.665793005	0.917319012	4.945862865
F-50179133-003S	F-50179133-003S_S23_L002_R1_001.fastq.gz	F-50179133-003S_S23_L002_R2_001.fastq.gz	HiCHO	1	LoCHO_PROT - LoCHO_FAT	Prefeed	P-27-0hr	GOBLIN-120AB	GOBLIN	120AB	Neutered Male	7.008219178	9.5	B7-52-10	Beagle	9.2	9.2	9.1	9.3	0.2	0.081649658	0.040824829	4.89	0.68	2.1	10.6	23.69	35.5	1.1	36.6	14.63	5.17	0.45	3.61	4.09	26.50900681	26.69182336	24.8409079	27.44903821	0.630935258	0.113319318	3767.895	99.88315422	6.279983714	3.878267697	9.702296493	2.809954722	1.296290433	0.180261246	2.253265579	0.556689143	9.410697418	0.291599075	1.370515652	0.119290531	0.956975146	1.084218379	89.7	89.8	88	2.3	0.646838323	0.395583305	1.164275579	2.745325763
F-50179269-003S	F-50179269-003S_S59_L002_R1_001.fastq.gz	F-50179269-003S_S59_L002_R2_001.fastq.gz	LoCHO_PROT	1	LoCHO_PROT - LoCHO_FAT	T1	T-34-0hr	GOBLIN-120AB	GOBLIN	120AB	Neutered Male	7.008219178	9.5	B7-52-10	Beagle	9.42	9.4	9.2	9.6	0.4	0.14832397	0.066332496	8.55	1.2	0.7	13.6	49.31	6.4	0.74	7.14	15.12	5.59	0.57	3.08	3.67	28.66518791	28.91803108	26.63729664	29.80396827	0.726588296	0.124608865	3688.95	105.744445	14.13480416	4.334176413	2.046694417	3.898465556	2.450873567	0.343982255	3.697809241	0.200656315	1.834572027	0.212122391	1.602384004	0.163391571	0.882887788	1.052012396	94.6	90.4	61	-0.4	0.763279425	0.416080936	0.798210823	3.914059418
F-50179271-003S	F-50179271-003S_S93_L002_R1_001.fastq.gz	F-50179271-003S_S93_L002_R2_001.fastq.gz	LoCHO_FAT	1	LoCHO_PROT - LoCHO_FAT	T2	T-69-0hr	GOBLIN-120AB	GOBLIN	120AB	Neutered Male	7.008219178	9.5	B7-52-10	Beagle	9.22	9.2	8.9	9.5	0.6	0.238746728	0.106770783	5.66	0.58	1.7	14.2	30.94	4.6	0.97	5.57	32.76	10.32	1.77	4.35	6.22	22.94231514	22.91548119	22.1667014	23.47599818	0.254779886	0.043065661	4168.205	95.62827266	7.098352303	7.515902438	1.277886953	3.257808749	1.298535037	0.133065428	2.867789392	0.390019357	1.055346496	0.222540457	2.367646922	0.406078978	0.997990708	1.427012001	86.1	94.2	53	0.6	0.98667097	0.435922341	0.600606868	3.238261897
F-50179114-003S	F-50179114-003S_S24_L002_R1_001.fastq.gz	F-50179114-003S_S24_L002_R2_001.fastq.gz	HiCHO	2	LoCHO_FAT - LoCHO_PROT	Prefeed	P-27-0hr	HARD ROCK-1971702	HARD ROCK	1971702	Neutered Male	7.684931507	10.6	B5-24-09	Beagle	9.9	9.9	9.7	10.1	0.4	0.163299316	0.081649658	4.89	0.68	2.1	10.6	23.69	35.5	1.1	36.6	14.63	5.17	0.45	3.61	4.09	27.34850105	26.87601428	25.38296379	32.68299367	1.74282464	0.313020546	3767.895	103.0462804	6.478859899	4.001085704	10.00955138	2.898941111	1.337341701	0.185969807	2.324622589	0.574318522	9.708717873	0.300833512	1.413917504	0.123068255	0.987280888	1.118553693	89.7	89.8	88	2.3	0.66732257	0.408110742	1.201146166	2.832265465
F-50179231-003S	F-50179231-003S_S94_L002_R1_001.fastq.gz	F-50179231-003S_S94_L002_R2_001.fastq.gz	LoCHO_PROT	2	LoCHO_FAT - LoCHO_PROT	T2	T-69-0hr	HARD ROCK-1971702	HARD ROCK	1971702	Neutered Male	7.684931507	10.6	B5-24-09	Beagle	10.18	10.1	9.8	10.6	0.8	0.319374388	0.142828569	8.55	1.2	0.7	13.6	49.31	6.4	0.74	7.14	15.12	5.59	0.57	3.08	3.67	35.29235912	35.38776026	33.84395172	36.28912533	0.562875804	0.096532404	3688.95	130.1917482	17.40266228	5.336204699	2.519874441	4.79976084	3.017496705	0.423508309	4.552714326	0.247046514	2.258710984	0.261163457	1.972842875	0.201166447	1.087004661	1.29522958	94.6	90.4	61	-0.4	0.939743763	0.512275651	0.982751032	4.818959883
F-50179229-003S	F-50179229-003S_S60_L002_R1_001.fastq.gz	F-50179229-003S_S60_L002_R2_001.fastq.gz	LoCHO_FAT	2	LoCHO_FAT - LoCHO_PROT	T1	T-34-0hr	HARD ROCK-1971702	HARD ROCK	1971702	Neutered Male	7.684931507	10.6	B5-24-09	Beagle	9.66	9.6	9.6	9.8	0.2	0.089442719	0.04	5.66	0.58	1.7	14.2	30.94	4.6	0.97	5.57	32.76	10.32	1.77	4.35	6.22	22.96424563	22.92407098	22.37825976	23.28794512	0.197996724	0.033467555	4168.205	95.71968347	7.105137599	7.52308687	1.279108482	3.26092288	1.299776303	0.133192625	2.870530704	0.390392176	1.056355299	0.222753183	2.369910149	0.406467148	0.998944685	1.428376078	86.1	94.2	53	0.6	0.987614126	0.436339038	0.601180987	3.241357343
F-50179131-003S	F-50179131-003S_S25_L002_R1_001.fastq.gz	F-50179131-003S_S25_L002_R2_001.fastq.gz	HiCHO	1	LoCHO_PROT - LoCHO_FAT	Prefeed	P-27-0hr	HERRERA-2936586	HERRERA	2936586	Spayed Female	4.216438356	10.5	B7-52-13	Beagle	10.65	10.65	10.6	10.7	0.1	0.057735027	0.028867513	4.89	0.68	2.1	10.6	23.69	35.5	1.1	36.6	14.63	5.17	0.45	3.61	4.09	33.66982666	34.04478507	30.59431554	35.74702432	1.120633548	0.201271727	3767.895	126.8643715	7.976381936	4.925895641	12.32315656	3.569001626	1.646454524	0.228954821	2.861935266	0.70706636	11.95278847	0.370368093	1.740730038	0.15151422	1.215480743	1.377095911	89.7	89.8	88	2.3	0.821567339	0.502441355	1.478778787	3.486914589
F-50179265-003S	F-50179265-003S_S61_L002_R1_001.fastq.gz	F-50179265-003S_S61_L002_R2_001.fastq.gz	LoCHO_PROT	1	LoCHO_PROT - LoCHO_FAT	T1	T-34-0hr	HERRERA-2936586	HERRERA	2936586	Spayed Female	4.216438356	10.5	B7-52-13	Beagle	11.12	11.2	11	11.2	0.2	0.109544512	0.048989795	8.55	1.2	0.7	13.6	49.31	6.4	0.74	7.14	15.12	5.59	0.57	3.08	3.67	35.19886712	34.28592306	32.34086811	37.95993535	1.635117521	0.280420341	3688.95	129.8468608	17.35656137	5.322068708	2.513199112	4.787045928	3.009503138	0.422386405	4.540653858	0.24639207	2.252727495	0.260471617	1.967616672	0.200633543	1.084125107	1.291798423	94.6	90.4	61	-0.4	0.937254314	0.510918596	0.980147654	4.806194112
F-50179267-003S	F-50179267-003S_S95_L002_R1_001.fastq.gz	F-50179267-003S_S95_L002_R2_001.fastq.gz	LoCHO_FAT	1	LoCHO_PROT - LoCHO_FAT	T2	T-69-0hr	HERRERA-2936586	HERRERA	2936586	Spayed Female	4.216438356	10.5	B7-52-13	Beagle	10.9	10.8	10.7	11.2	0.5	0.2	0.089442719	5.66	0.58	1.7	14.2	30.94	4.6	0.97	5.57	32.76	10.32	1.77	4.35	6.22	26.161557	26.13403484	24.83400391	27.04469882	0.463117643	0.078281169	4168.205	109.0467327	8.094385734	8.570526072	1.457198725	3.714941093	1.480744126	0.151737031	3.270194624	0.444746469	1.203431622	0.253767103	2.699872682	0.463059559	1.138027729	1.627248845	86.1	94.2	53	0.6	1.125119617	0.497090512	0.684883401	3.692651446
F-50179101-003S	F-50179101-003S_S26_L002_R1_001.fastq.gz	F-50179101-003S_S26_L002_R2_001.fastq.gz	HiCHO	2	LoCHO_FAT - LoCHO_PROT	Prefeed	P-27-0hr	INFANTE-2942187	INFANTE	2942187	Neutered Male	4.2	11.7	B5-23-18	Beagle	10.825	10.85	10.6	11	0.4	0.170782513	0.085391256	4.89	0.68	2.1	10.6	23.69	35.5	1.1	36.6	14.63	5.17	0.45	3.61	4.09	32.50339024	32.39585843	30.62860482	35.1448656	0.975345061	0.175177144	3767.895	122.4693616	7.700053149	4.755245993	11.89624083	3.445359366	1.589415783	0.221023054	2.762788171	0.682571195	11.53870354	0.357537293	1.680425276	0.146265256	1.173372388	1.329388661	89.7	89.8	88	2.3	0.793105474	0.485035091	1.4275489	3.366116101
F-50179176-003S	F-50179176-003S_S96_L002_R1_001.fastq.gz	F-50179176-003S_S96_L002_R2_001.fastq.gz	LoCHO_PROT	2	LoCHO_FAT - LoCHO_PROT	T2	T-69-0hr	INFANTE-2942187	INFANTE	2942187	Neutered Male	4.2	11.7	B5-23-18	Beagle	10.28	10.2	10.1	10.5	0.4	0.164316767	0.073484692	8.55	1.2	0.7	13.6	49.31	6.4	0.74	7.14	15.12	5.59	0.57	3.08	3.67	38.29277315	38.50612874	36.44292322	39.36079238	0.685477735	0.117558462	3688.95	141.2601255	18.88216644	5.789867301	2.734104003	5.207817149	3.274032105	0.459513278	4.939767737	0.268049412	2.450737482	0.283366521	2.140566019	0.218268807	1.179417413	1.405344775	94.6	90.4	61	-0.4	1.019636988	0.555827261	1.066300561	5.228648418
F-50179200-003S	F-50179200-003S_S62_L002_R1_001.fastq.gz	F-50179200-003S_S62_L002_R2_001.fastq.gz	LoCHO_FAT	2	LoCHO_FAT - LoCHO_PROT	T1	T-34-0hr	INFANTE-2942187	INFANTE	2942187	Neutered Male	4.2	11.7	B5-23-18	Beagle	10.34	10.4	10	10.5	0.5	0.207364414	0.092736185	5.66	0.58	1.7	14.2	30.94	4.6	0.97	5.57	32.76	10.32	1.77	4.35	6.22	27.79232625	27.65471619	26.23007042	30.05292203	0.668978412	0.11307799	4168.205	115.8441132	8.598945743	9.10476608	1.548032572	3.946510328	1.573045666	0.161195492	3.474040782	0.472469546	1.278447008	0.269585565	2.868168069	0.491924175	1.208966192	1.728682693	86.1	94.2	53	0.6	1.195253458	0.528076433	0.727575309	3.922831266
F-50179077-003S	F-50179077-003S_S27_L002_R1_001.fastq.gz	F-50179077-003S_S27_L002_R2_001.fastq.gz	HiCHO	1	LoCHO_PROT - LoCHO_FAT	Prefeed	P-27-0hr	KANGA-FQS-1	KANGA	FQS-1	Spayed Female	8.164383562	11.7	B7-62-14	Beagle	11.475	11.45	11.3	11.7	0.4	0.170782513	0.085391256	4.89	0.68	2.1	10.6	23.69	35.5	1.1	36.6	14.63	5.17	0.45	3.61	4.09	28.88958357	29.10589996	27.34681211	30.17894903	0.809582372	0.145405286	3767.895	108.8529175	6.843942349	4.226546077	10.57358759	3.062295859	1.412700637	0.196449168	2.455614604	0.606681255	10.25580217	0.317785419	1.493591471	0.130003126	1.042913967	1.181583968	89.7	89.8	88	2.3	0.704926062	0.4311077	1.268830511	2.991863054
F-50179173-003S	F-50179173-003S_S63_L002_R1_001.fastq.gz	F-50179173-003S_S63_L002_R2_001.fastq.gz	LoCHO_PROT	1	LoCHO_PROT - LoCHO_FAT	T1	T-34-0hr	KANGA-FQS-1	KANGA	FQS-1	Spayed Female	8.164383562	11.7	B7-62-14	Beagle	11.6	11.6	11.5	11.8	0.3	0.122474487	0.054772256	8.55	1.2	0.7	13.6	49.31	6.4	0.74	7.14	15.12	5.59	0.57	3.08	3.67	31.89982814	32.08955896	29.94458001	32.98707745	0.62307253	0.106856057	3688.95	117.676871	15.72980526	4.823254015	2.277647729	4.338376627	2.727435306	0.382797938	4.11507783	0.223298797	2.041589001	0.236058728	1.783200393	0.18182902	0.982514707	1.170723693	94.6	90.4	61	-0.4	0.849409484	0.463032385	0.888282614	4.355730134
F-50179151-003S	F-50179151-003S_S97_L002_R1_001.fastq.gz	F-50179151-003S_S97_L002_R2_001.fastq.gz	LoCHO_FAT	1	LoCHO_PROT - LoCHO_FAT	T2	T-69-0hr	KANGA-FQS-1	KANGA	FQS-1	Spayed Female	8.164383562	11.7	B7-62-14	Beagle	11.28	11.2	11.1	11.5	0.4	0.164316767	0.073484692	5.66	0.58	1.7	14.2	30.94	4.6	0.97	5.57	32.76	10.32	1.77	4.35	6.22	25.20861641	25.15933725	24.66399538	25.78116247	0.229198144	0.038741557	4168.205	105.074681	7.799545916	8.258342735	1.404119934	3.57962353	1.426807689	0.146209975	3.151077051	0.428546479	1.159596355	0.244523579	2.601529213	0.44619251	1.096574814	1.567975941	86.1	94.2	53	0.6	1.084136882	0.478983879	0.659936369	3.558145789
F-50179097-003S	F-50179097-003S_S28_L002_R1_001.fastq.gz	F-50179097-003S_S28_L002_R2_001.fastq.gz	HiCHO	2	LoCHO_FAT - LoCHO_PROT	Prefeed	P-27-0hr	LEEPER-088AB	LEEPER	088AB	Neutered Male	11.19178082	11.3	B5-21-13	Beagle	9.725	9.75	9.4	10	0.6	0.25	0.125	4.89	0.68	2.1	10.6	23.69	35.5	1.1	36.6	14.63	5.17	0.45	3.61	4.09	19.91349103	18.19370712	16.73821055	35.06612862	5.164115063	0.927502446	3767.895	75.03194328	4.717506025	2.913343738	7.288337717	2.110830049	0.973769711	0.135411739	1.692646737	0.418183312	7.069289315	0.219048401	1.029527486	0.08961071	0.718877026	0.814461783	89.7	89.8	88	2.3	0.485903121	0.297161061	0.874600526	2.062280958
F-50179194-003S	F-50179194-003S_S98_L002_R1_001.fastq.gz	F-50179194-003S_S98_L002_R2_001.fastq.gz	LoCHO_PROT	2	LoCHO_FAT - LoCHO_PROT	T2	T-69-0hr	LEEPER-088AB	LEEPER	088AB	Neutered Male	11.19178082	11.3	B5-21-13	Beagle	9.96	9.8	9.3	10.6	1.3	0.531977443	0.237907545	8.55	1.2	0.7	13.6	49.31	6.4	0.74	7.14	15.12	5.59	0.57	3.08	3.67	40.01863379	40.39002982	36.95206974	42.60812726	1.843884346	0.316223557	3688.95	147.6267391	19.73318832	6.050817429	2.857330453	5.442534195	3.421593189	0.480223605	5.162403758	0.280130437	2.561192563	0.29613789	2.237041629	0.228106213	1.232573921	1.46868386	94.6	90.4	61	-0.4	1.065592169	0.580878473	1.114358877	5.464304332
F-50179192-003S	F-50179192-003S_S64_L002_R1_001.fastq.gz	F-50179192-003S_S64_L002_R2_001.fastq.gz	LoCHO_FAT	2	LoCHO_FAT - LoCHO_PROT	T1	T-34-0hr	LEEPER-088AB	LEEPER	088AB	Neutered Male	11.19178082	11.3	B5-21-13	Beagle	9.3	9.3	9.2	9.4	0.2	0.070710678	0.031622777	5.66	0.58	1.7	14.2	30.94	4.6	0.97	5.57	32.76	10.32	1.77	4.35	6.22	21.96538192	22.72077594	20.11767858	23.28435655	1.282102497	0.216714876	4168.205	91.55621474	6.796089165	7.195859116	1.223471773	3.119084232	1.243240617	0.127399215	2.745672739	0.373411493	1.010407568	0.213064205	2.266827414	0.38878726	0.955494113	1.366246755	86.1	94.2	53	0.6	0.944656394	0.417359829	0.575031733	3.100369727
F-50179087-003S	F-50179087-003S_S29_L002_R1_001.fastq.gz	F-50179087-003S_S29_L002_R2_001.fastq.gz	HiCHO	2	LoCHO_FAT - LoCHO_PROT	Prefeed	P-27-0hr	LOCHTE-088AA	LOCHTE	088AA	Neutered Male	11.19178082	10.6	B5-23-17	Beagle	9.7	9.7	9.6	9.8	0.2	0.115470054	0.057735027	4.89	0.68	2.1	10.6	23.69	35.5	1.1	36.6	14.63	5.17	0.45	3.61	4.09	21.34445302	21.08601036	19.43580085	26.8953802	1.861428034	0.334322344	3767.895	80.4236578	5.05650092	3.122693476	7.812069804	2.26251202	1.043743753	0.145142281	1.814278507	0.448233513	7.577280821	0.234788983	1.103508221	0.096050039	0.770534754	0.872988128	89.7	89.8	88	2.3	0.520819595	0.318514735	0.937448376	2.210474244
F-50179149-003S	F-50179149-003S_S99_L002_R1_001.fastq.gz	F-50179149-003S_S99_L002_R2_001.fastq.gz	LoCHO_PROT	2	LoCHO_FAT - LoCHO_PROT	T2	T-69-0hr	LOCHTE-088AA	LOCHTE	088AA	Neutered Male	11.19178082	10.6	B5-23-17	Beagle	10.28	10.4	9.8	10.6	0.8	0.327108545	0.146287388	8.55	1.2	0.7	13.6	49.31	6.4	0.74	7.14	15.12	5.59	0.57	3.08	3.67	33.83253842	34.06561852	30.56316048	37.88446487	2.012158574	0.345082349	3688.95	124.8065426	16.68282469	5.115479808	2.415643243	4.601225225	2.892682035	0.405990461	4.364397456	0.236827769	2.165282459	0.250360784	1.891238897	0.192845469	1.042042183	1.24165416	94.6	90.4	61	-0.4	0.900872533	0.491086062	0.942100865	4.619630126
F-50179147-003S	F-50179147-003S_S65_L002_R1_001.fastq.gz	F-50179147-003S_S65_L002_R2_001.fastq.gz	LoCHO_FAT	2	LoCHO_FAT - LoCHO_PROT	T1	T-34-0hr	LOCHTE-088AA	LOCHTE	088AA	Neutered Male	11.19178082	10.6	B5-23-17	Beagle	9.5	9.5	9.4	9.6	0.2	0.1	0.04472136	5.66	0.58	1.7	14.2	30.94	4.6	0.97	5.57	32.76	10.32	1.77	4.35	6.22	21.83898264	22.91180061	16.31873845	28.31376986	3.791931066	0.640953335	4168.205	91.02935663	6.756981228	7.154450712	1.216431333	3.101135535	1.236086417	0.126666099	2.72987283	0.371262705	1.004593201	0.211838132	2.253783008	0.386549993	0.949995745	1.35838472	86.1	94.2	53	0.6	0.939220391	0.414958141	0.571722727	3.082528722
F-50179099-003S	F-50179099-003S_S30_L002_R1_001.fastq.gz	F-50179099-003S_S30_L002_R2_001.fastq.gz	HiCHO	2	LoCHO_FAT - LoCHO_PROT	Prefeed	P-27-0hr	MACARENA-147AF	MACARENA	147AF	Spayed Female	5.328767123	8.2	B5-23-04	Beagle	7.55	7.6	7.4	7.6	0.2	0.1	0.05	4.89	0.68	2.1	10.6	23.69	35.5	1.1	36.6	14.63	5.17	0.45	3.61	4.09	27.16931464	27.19168001	25.9978101	27.74556204	0.423777108	0.076112616	3767.895	102.3711248	6.436410638	3.974870732	9.943969158	2.879947352	1.328579486	0.18475134	2.309391745	0.570555607	9.645106697	0.298862461	1.404653567	0.122261916	0.980812258	1.111224969	89.7	89.8	88	2.3	0.662950296	0.405436815	1.193276299	2.813708563
F-50179198-003S	F-50179198-003S_S100_L002_R1_001.fastq.gz	F-50179198-003S_S100_L002_R2_001.fastq.gz	LoCHO_PROT	2	LoCHO_FAT - LoCHO_PROT	T2	T-69-0hr	MACARENA-147AF	MACARENA	147AF	Spayed Female	5.328767123	8.2	B5-23-04	Beagle	7.488	7.5	7.4	7.54	0.14	0.052153619	0.023323808	8.55	1.2	0.7	13.6	49.31	6.4	0.74	7.14	15.12	5.59	0.57	3.08	3.67	29.29224793	29.50824862	27.58125766	30.31203673	0.791357202	0.135716641	3688.95	108.057638	14.44400745	4.428987887	2.091466502	3.983745719	2.504487198	0.351506975	3.778699983	0.205045736	1.874703868	0.216762635	1.637436659	0.166965813	0.902201236	1.075025499	94.6	90.4	61	-0.4	0.779976402	0.425182837	0.815671936	3.999680702
F-50179196-003S	F-50179196-003S_S66_L002_R1_001.fastq.gz	F-50179196-003S_S66_L002_R2_001.fastq.gz	LoCHO_FAT	2	LoCHO_FAT - LoCHO_PROT	T1	T-34-0hr	MACARENA-147AF	MACARENA	147AF	Spayed Female	5.328767123	8.2	B5-23-04	Beagle	7.44	7.5	7.3	7.5	0.2	0.089442719	0.04	5.66	0.58	1.7	14.2	30.94	4.6	0.97	5.57	32.76	10.32	1.77	4.35	6.22	23.29752163	23.60955656	20.74110576	23.8678731	0.779254377	0.13171803	4168.205	97.10884614	7.208253192	7.632268086	1.297671955	3.308248071	1.318639724	0.135125625	2.912190203	0.396057868	1.071685995	0.22598596	2.404304232	0.412366133	1.013442191	1.449105845	86.1	94.2	53	0.6	1.001947194	0.442671549	0.609905819	3.288398583
F-50179071-003S	F-50179071-003S_S31_L002_R1_001.fastq.gz	F-50179071-003S_S31_L002_R2_001.fastq.gz	HiCHO	2	LoCHO_FAT - LoCHO_PROT	Prefeed	P-27-0hr	MAGNETO-1570987	MAGNETO	1570987	Neutered Male	9.312328767	11.3	B6-31-14	Beagle	10.675	10.65	10.4	11	0.6	0.275378527	0.137689264	4.89	0.68	2.1	10.6	23.69	35.5	1.1	36.6	14.63	5.17	0.45	3.61	4.09	21.20047544	20.81391941	19.80679427	26.24632991	1.59686479	0.286805383	3767.895	79.88116542	5.022392632	3.101629557	7.759374012	2.247250397	1.036703249	0.144163233	1.802040413	0.445209984	7.526168782	0.23320523	1.09606458	0.095402139	0.765337163	0.867099446	89.7	89.8	88	2.3	0.517306441	0.316366215	0.931124881	2.195563638
F-50179163-003S	F-50179163-003S_S101_L002_R1_001.fastq.gz	F-50179163-003S_S101_L002_R2_001.fastq.gz	LoCHO_PROT	2	LoCHO_FAT - LoCHO_PROT	T2	T-69-0hr	MAGNETO-1570987	MAGNETO	1570987	Neutered Male	9.312328767	11.3	B6-31-14	Beagle	10.3	10.3	10.2	10.4	0.2	0.070710678	0.031622777	8.55	1.2	0.7	13.6	49.31	6.4	0.74	7.14	15.12	5.59	0.57	3.08	3.67	29.19439192	29.13301537	27.62771569	32.85881	1.120962974	0.192243564	3688.95	107.6966521	14.39575466	4.414192058	2.084479583	3.970437301	2.496120509	0.350332703	3.766076558	0.204360743	1.868441083	0.2160385	1.631966508	0.166408034	0.899187271	1.071434183	94.6	90.4	61	-0.4	0.777370752	0.423762438	0.812947037	3.98631905
F-50179186-003S	F-50179186-003S_S67_L002_R1_001.fastq.gz	F-50179186-003S_S67_L002_R2_001.fastq.gz	LoCHO_FAT	2	LoCHO_FAT - LoCHO_PROT	T1	T-34-0hr	MAGNETO-1570987	MAGNETO	1570987	Neutered Male	9.312328767	11.3	B6-31-14	Beagle	10.12	10.1	9.8	10.4	0.6	0.238746728	0.106770783	5.66	0.58	1.7	14.2	30.94	4.6	0.97	5.57	32.76	10.32	1.77	4.35	6.22	18.07570267	18.13068842	17.09464908	18.77646286	0.328632022	0.05554895	4168.205	75.34323423	5.592622405	5.921600193	1.006816638	2.566749779	1.023084771	0.104839075	2.259462834	0.307286945	0.831482323	0.175334316	1.865412515	0.319939937	0.786293066	1.124308706	86.1	94.2	53	0.6	0.777374514	0.343452811	0.47320382	2.55134928
F-50179118-003S	F-50179118-003S_S32_L002_R1_001.fastq.gz	F-50179118-003S_S32_L002_R2_001.fastq.gz	HiCHO	2	LoCHO_FAT - LoCHO_PROT	Prefeed	P-27-0hr	MISTLETOE-UUS-1	MISTLETOE	UUS-1	Spayed Female	8.126027397	7.9	B7-54-14	Beagle	7.325	7.3	7.2	7.5	0.3	0.125830574	0.062915287	4.89	0.68	2.1	10.6	23.69	35.5	1.1	36.6	14.63	5.17	0.45	3.61	4.09	23.78021944	22.50630625	21.84135558	34.54680657	3.424445085	0.615048494	3767.895	89.60136993	5.633533985	3.479046104	8.703560315	2.520703261	1.162852731	0.161705492	2.021318653	0.499384608	8.441977901	0.261582414	1.229437345	0.107010987	0.858465922	0.972610975	89.7	89.8	88	2.3	0.580254	0.354862703	1.044427238	2.462727086
F-50179215-003S	F-50179215-003S_S102_L002_R1_001.fastq.gz	F-50179215-003S_S102_L002_R2_001.fastq.gz	LoCHO_PROT	2	LoCHO_FAT - LoCHO_PROT	T2	T-69-0hr	MISTLETOE-UUS-1	MISTLETOE	UUS-1	Spayed Female	8.126027397	7.9	B7-54-14	Beagle	7.24	7.2	7	7.4	0.4	0.167332005	0.074833148	8.55	1.2	0.7	13.6	49.31	6.4	0.74	7.14	15.12	5.59	0.57	3.08	3.67	37.366537	37.32952302	36.4817886	38.22169208	0.341937115	0.058641731	3688.95	137.8432867	18.4254394	5.649820395	2.667970742	5.081849032	3.194838914	0.448398444	4.820283273	0.261565759	2.391458368	0.276512374	2.088789418	0.212989261	1.15088934	1.371351908	94.6	90.4	61	-0.4	0.994973728	0.542382758	1.040508589	5.102176428
F-50179213-003S	F-50179213-003S_S68_L002_R1_001.fastq.gz	F-50179213-003S_S68_L002_R2_001.fastq.gz	LoCHO_FAT	2	LoCHO_FAT - LoCHO_PROT	T1	T-34-0hr	MISTLETOE-UUS-1	MISTLETOE	UUS-1	Spayed Female	8.126027397	7.9	B7-54-14	Beagle	7	7	6.9	7.2	0.3	0.122474487	0.054772256	5.66	0.58	1.7	14.2	30.94	4.6	0.97	5.57	32.76	10.32	1.77	4.35	6.22	23.40105541	21.84259954	18.88333597	28.65649119	3.11532364	0.526585806	4168.205	97.54039618	7.240286545	7.666185754	1.303438787	3.322949869	1.324499736	0.135726121	2.925131927	0.397817942	1.076448549	0.226990238	2.414988919	0.414198681	1.017945911	1.455545647	86.1	94.2	53	0.6	1.00639983	0.444638774	0.61261623	3.30301217
F-50179125-003S	F-50179125-003S_S34_L002_R1_001.fastq.gz	F-50179125-003S_S34_L002_R2_001.fastq.gz	HiCHO	2	LoCHO_FAT - LoCHO_PROT	Prefeed	P-27-0hr	MOXIE-1528760	MOXIE	1528760	Spayed Female	9.484931507	8.6	B5-13-06	Beagle	8.775	8.8	8.7	8.8	0.1	0.05	0.025	4.89	0.68	2.1	10.6	23.69	35.5	1.1	36.6	14.63	5.17	0.45	3.61	4.09	29.7199766	29.80832055	27.98813972	30.40053883	0.548890795	0.098583697	3767.895	111.9817512	7.040662458	4.348032577	10.87751144	3.15031752	1.453306856	0.202095841	2.526198011	0.624119509	10.55059169	0.326919743	1.53652279	0.133739895	1.072891155	1.215547043	89.7	89.8	88	2.3	0.725188233	0.443499323	1.305301373	3.077860217
F-50179064-003S	F-50179064-003S_S103_L002_R1_001.fastq.gz	F-50179064-003S_S103_L002_R2_001.fastq.gz	LoCHO_PROT	2	LoCHO_FAT - LoCHO_PROT	T2	T-69-0hr	MOXIE-1528760	MOXIE	1528760	Spayed Female	9.484931507	8.6	B5-13-06	Beagle	8.72	8.7	8.6	8.8	0.2	0.083666003	0.037416574	8.55	1.2	0.7	13.6	49.31	6.4	0.74	7.14	15.12	5.59	0.57	3.08	3.67	31.99805691	32.03903686	30.93545632	32.96681809	0.584425406	0.10022813	3688.95	118.039232	15.77824186	4.838106205	2.284661263	4.35173574	2.735833866	0.383976683	4.127749342	0.223986398	2.047875642	0.236785621	1.788691381	0.182388924	0.985540153	1.174328689	94.6	90.4	61	-0.4	0.85202506	0.464458196	0.891017893	4.369142683
F-50179062-003S	F-50179062-003S_S69_L002_R1_001.fastq.gz	F-50179062-003S_S69_L002_R2_001.fastq.gz	LoCHO_FAT	2	LoCHO_FAT - LoCHO_PROT	T1	T-34-0hr	MOXIE-1528760	MOXIE	1528760	Spayed Female	9.484931507	8.6	B5-13-06	Beagle	8.62	8.6	8.5	8.8	0.3	0.130384048	0.058309519	5.66	0.58	1.7	14.2	30.94	4.6	0.97	5.57	32.76	10.32	1.77	4.35	6.22	25.47294615	25.48802188	25.05232087	26.08539739	0.218057369	0.036858423	4168.205	106.1764615	7.881329539	8.344937159	1.418843101	3.617158354	1.441768752	0.147743088	3.184118269	0.433040085	1.171755523	0.247087578	2.628808043	0.450871147	1.108073158	1.584417251	86.1	94.2	53	0.6	1.095504806	0.484006355	0.666856257	3.595455404
F-50179116-003S	F-50179116-003S_S35_L002_R1_001.fastq.gz	F-50179116-003S_S35_L002_R2_001.fastq.gz	HiCHO	2	LoCHO_FAT - LoCHO_PROT	Prefeed	P-27-0hr	NATIVITY-LCO-1	NATIVITY	LCO-1	Spayed Female	8.273972603	10.3	B6-32-12	Beagle	10.85	10.85	10.7	11	0.3	0.129099445	0.064549722	4.89	0.68	2.1	10.6	23.69	35.5	1.1	36.6	14.63	5.17	0.45	3.61	4.09	33.85772547	34.41010869	24.33885737	35.9160304	2.436169215	0.437548908	3767.895	127.5723545	8.020895163	4.953385236	12.39192752	3.588918899	1.655642775	0.230232533	2.877906664	0.711012235	12.01949254	0.37243498	1.750444407	0.152359765	1.222263889	1.384780972	89.7	89.8	88	2.3	0.826152202	0.505245294	1.487031302	3.506373764
F-50179235-003S	F-50179235-003S_S104_L002_R1_001.fastq.gz	F-50179235-003S_S104_L002_R2_001.fastq.gz	LoCHO_PROT	2	LoCHO_FAT - LoCHO_PROT	T2	T-69-0hr	NATIVITY-LCO-1	NATIVITY	LCO-1	Spayed Female	8.273972603	10.3	B6-32-12	Beagle	10.56	10.6	10.4	10.6	0.2	0.089442719	0.04	8.55	1.2	0.7	13.6	49.31	6.4	0.74	7.14	15.12	5.59	0.57	3.08	3.67	28.24953663	28.97970764	4.085374208	38.64083105	8.524192525	1.461886958	3688.95	104.2111281	13.92984651	4.271329938	2.017016915	3.841936981	2.415335382	0.33899444	3.644190225	0.197746756	1.807970344	0.209046571	1.579149098	0.161022359	0.870085728	1.036757994	94.6	90.4	61	-0.4	0.752211712	0.410047674	0.786636597	3.857304729
F-50179233-003S	F-50179233-003S_S70_L002_R1_001.fastq.gz	F-50179233-003S_S70_L002_R2_001.fastq.gz	LoCHO_FAT	2	LoCHO_FAT - LoCHO_PROT	T1	T-34-0hr	NATIVITY-LCO-1	NATIVITY	LCO-1	Spayed Female	8.273972603	10.3	B6-32-12	Beagle	10.54	10.6	10.4	10.6	0.2	0.089442719	0.04	5.66	0.58	1.7	14.2	30.94	4.6	0.97	5.57	32.76	10.32	1.77	4.35	6.22	29.89229304	30.00171453	26.07365668	30.76334491	0.77692808	0.131324814	4168.205	124.5972053	9.248675466	9.7927152	1.665000722	4.244705612	1.691903786	0.1733753	3.73653663	0.508168982	1.37504548	0.289955242	3.084884642	0.529093587	1.300314747	1.859300627	86.1	94.2	53	0.6	1.28556589	0.567977482	0.782550339	4.219237378
F-50179106-003S	F-50179106-003S_S36_L002_R1_001.fastq.gz	F-50179106-003S_S36_L002_R2_001.fastq.gz	HiCHO	1	LoCHO_PROT - LoCHO_FAT	Prefeed	P-27-0hr	PERDITA-BYS-1	PERDITA	BYS-1	Spayed Female	8.109589041	11.2	B7-63-10	Beagle	10.15	10.2	9.9	10.3	0.4	0.173205081	0.08660254	4.89	0.68	2.1	10.6	23.69	35.5	1.1	36.6	14.63	5.17	0.45	3.61	4.09	24.22769712	23.3024461	22.03833171	34.55060143	3.344064877	0.600611782	3767.895	91.28741885	5.739541448	3.544512089	8.867337146	2.568135895	1.184734389	0.16474834	2.059354255	0.50878164	8.600832478	0.266504668	1.252571941	0.109024637	0.874619866	0.990912812	89.7	89.8	88	2.3	0.591172769	0.361540233	1.064080458	2.509068769
F-50179237-003S	F-50179237-003S_S71_L002_R1_001.fastq.gz	F-50179237-003S_S71_L002_R2_001.fastq.gz	LoCHO_PROT	1	LoCHO_PROT - LoCHO_FAT	T1	T-34-0hr	PERDITA-BYS-1	PERDITA	BYS-1	Spayed Female	8.109589041	11.2	B7-63-10	Beagle	9.54	9.6	9.3	9.7	0.4	0.151657509	0.0678233	8.55	1.2	0.7	13.6	49.31	6.4	0.74	7.14	15.12	5.59	0.57	3.08	3.67	25.45308555	25.37501123	24.37956755	26.61152654	0.698277449	0.119753595	3688.95	93.89515995	12.55091649	3.848506536	1.817350308	3.461619635	2.176238815	0.305437027	3.283448036	0.178171599	1.628997475	0.188352833	1.422827482	0.145082588	0.783955035	0.93412824	94.6	90.4	61	-0.4	0.67774949	0.369456627	0.70876662	3.475466114
F-50179239-003S	F-50179239-003S_S105_L002_R1_001.fastq.gz	F-50179239-003S_S105_L002_R2_001.fastq.gz	LoCHO_FAT	1	LoCHO_PROT - LoCHO_FAT	T2	T-69-0hr	PERDITA-BYS-1	PERDITA	BYS-1	Spayed Female	8.109589041	11.2	B7-63-10	Beagle	9.3	9.4	8.8	9.6	0.8	0.3	0.134164079	5.66	0.58	1.7	14.2	30.94	4.6	0.97	5.57	32.76	10.32	1.77	4.35	6.22	26.50921157	25.48656904	23.09807541	30.92395858	2.446041377	0.413456455	4168.205	110.4958282	8.201950059	8.684417709	1.476563084	3.764308042	1.500421375	0.153753427	3.313651445	0.450656597	1.219423732	0.257139352	2.735750634	0.469213045	1.153150703	1.648872959	86.1	94.2	53	0.6	1.140071058	0.503696227	0.693984649	3.741722194
F-50179137-003S	F-50179137-003S_S37_L002_R1_001.fastq.gz	F-50179137-003S_S37_L002_R2_001.fastq.gz	HiCHO	2	LoCHO_FAT - LoCHO_PROT	Prefeed	P-27-0hr	PORRIDGE-3266789	PORRIDGE	3266789	Spayed Female	3.079452055	7.5	B7-53-07	Beagle	7.45	7.4	7.4	7.6	0.2	0.1	0.05	4.89	0.68	2.1	10.6	23.69	35.5	1.1	36.6	14.63	5.17	0.45	3.61	4.09	39.08666904	39.00445903	36.18661006	41.90193313	1.167896495	0.209760403	3767.895	147.2744648	9.259631896	5.718379681	14.30572087	4.143186918	1.911338116	0.265789349	3.322366868	0.82082005	13.87576751	0.429953359	2.020780789	0.175890011	1.411028752	1.598644764	89.7	89.8	88	2.3	0.953742085	0.583274727	1.716686504	4.047893619
F-50179255-003S	F-50179255-003S_S106_L002_R1_001.fastq.gz	F-50179255-003S_S106_L002_R2_001.fastq.gz	LoCHO_PROT	2	LoCHO_FAT - LoCHO_PROT	T2	T-69-0hr	PORRIDGE-3266789	PORRIDGE	3266789	Spayed Female	3.079452055	7.5	B7-53-07	Beagle	7.92	7.9	7.6	8.2	0.6	0.216794834	0.096953597	8.55	1.2	0.7	13.6	49.31	6.4	0.74	7.14	15.12	5.59	0.57	3.08	3.67	44.66205973	42.77163939	41.47970587	49.65872205	3.09491199	0.530773027	3688.95	164.7561052	22.02286165	6.752903431	3.188871065	6.074040123	3.818606107	0.535944717	5.761405705	0.312634418	2.858371823	0.330499242	2.496609139	0.25457374	1.37559144	1.639097592	94.6	90.4	61	-0.4	1.189234529	0.648278729	1.243659715	6.098336283
F-50179253-003S	F-50179253-003S_S120_L002_R1_001.fastq.gz	F-50179253-003S_S120_L002_R2_001.fastq.gz	LoCHO_FAT	2	LoCHO_FAT - LoCHO_PROT	T1	T-34-0hr	PORRIDGE-3266789	PORRIDGE	3266789	Spayed Female	3.079452055	7.5	B7-53-07	Beagle	7.5	7.5	7.4	7.6	0.2	0.1	0.04472136	5.66	0.58	1.7	14.2	30.94	4.6	0.97	5.57	32.76	10.32	1.77	4.35	6.22	37.17113193	37.7951357	34.99257182	38.61376073	1.129657751	0.190947011	4168.205	154.936898	11.50074822	12.17726282	2.070432048	5.278300734	2.103886067	0.215592565	4.646391491	0.631909243	1.709872069	0.36055998	3.836060815	0.657929035	1.616944239	2.312044406	86.1	94.2	53	0.6	1.598604003	0.706281244	0.973103063	5.24663093
F-50179127-003S	F-50179127-003S_S38_L002_R1_001.fastq.gz	F-50179127-003S_S38_L002_R2_001.fastq.gz	HiCHO	2	LoCHO_FAT - LoCHO_PROT	Prefeed	P-27-0hr	PORT-088BC	PORT	088BC	Neutered Male	11.18630137	12.3	B5-23-05	Beagle	11.65	11.6	11.6	11.8	0.2	0.1	0.05	4.89	0.68	2.1	10.6	23.69	35.5	1.1	36.6	14.63	5.17	0.45	3.61	4.09	23.06771251	22.90967879	21.3612864	25.90883391	1.020721498	0.183326993	3767.895	86.91671863	5.464741094	3.37480634	8.442782779	2.445177526	1.128011142	0.156860445	1.960755563	0.484421963	8.189037942	0.253744838	1.192600737	0.103804706	0.832744422	0.943469442	89.7	89.8	88	2.3	0.562868333	0.344230247	1.013133933	2.388938443
F-50179068-003S	F-50179068-003S_S107_L002_R1_001.fastq.gz	F-50179068-003S_S107_L002_R2_001.fastq.gz	LoCHO_PROT	2	LoCHO_FAT - LoCHO_PROT	T2	T-69-0hr	PORT-088BC	PORT	088BC	Neutered Male	11.18630137	12.3	B5-23-05	Beagle	11.58	11.7	11.3	11.9	0.6	0.268328157	0.12	8.55	1.2	0.7	13.6	49.31	6.4	0.74	7.14	15.12	5.59	0.57	3.08	3.67	34.24919782	34.42882827	28.40607092	35.68350447	1.231204645	0.211149855	3688.95	126.3435783	16.88827944	5.17847871	2.445392724	4.657890903	2.928306413	0.410990374	4.418146518	0.239744385	2.19194866	0.253444064	1.914530158	0.195220428	1.054875293	1.25694556	94.6	90.4	61	-0.4	0.91196709	0.497133956	0.953703162	4.676522467
F-50179066-003S	F-50179066-003S_S72_L002_R1_001.fastq.gz	F-50179066-003S_S72_L002_R2_001.fastq.gz	LoCHO_FAT	2	LoCHO_FAT - LoCHO_PROT	T1	T-34-0hr	PORT-088BC	PORT	088BC	Neutered Male	11.18630137	12.3	B5-23-05	Beagle	11.3	11.3	11.1	11.5	0.4	0.158113883	0.070710678	5.66	0.58	1.7	14.2	30.94	4.6	0.97	5.57	32.76	10.32	1.77	4.35	6.22	19.22376094	19.25049399	17.89140061	20.22613387	0.604312254	0.102147415	4168.205	80.12857647	5.947831635	6.297704084	1.070763484	2.729774053	1.088064869	0.111497813	2.402970117	0.326803936	0.884293003	0.186470481	1.983892129	0.340260569	0.836233601	1.19571793	86.1	94.2	53	0.6	0.826748597	0.365266837	0.503258837	2.713395409
F-50179075-003S	F-50179075-003S_S39_L002_R1_001.fastq.gz	F-50179075-003S_S39_L002_R2_001.fastq.gz	HiCHO	2	LoCHO_FAT - LoCHO_PROT	Prefeed	P-27-0hr	PRETZEL-3554946	PRETZEL	3554946	Neutered Male	2.065753425	9	B6-43-17	Beagle	9.175	9.15	9.1	9.3	0.2	0.095742711	0.047871355	4.89	0.68	2.1	10.6	23.69	35.5	1.1	36.6	14.63	5.17	0.45	3.61	4.09	32.64895436	32.8282251	17.75014497	43.18825178	6.932821853	1.245171563	3767.895	123.0178319	7.734537287	4.776542022	11.94951729	3.460789162	1.596533868	0.22201289	2.775161121	0.685628041	11.5903788	0.359138498	1.68795094	0.146920295	1.178627252	1.335342233	89.7	89.8	88	2.3	0.796657341	0.487207286	1.433942075	3.381191011
F-50179171-003S	F-50179171-003S_S108_L002_R1_001.fastq.gz	F-50179171-003S_S108_L002_R2_001.fastq.gz	LoCHO_PROT	2	LoCHO_FAT - LoCHO_PROT	T2	T-69-0hr	PRETZEL-3554946	PRETZEL	3554946	Neutered Male	2.065753425	9	B6-43-17	Beagle	9.52	9.5	9.3	9.8	0.5	0.228035085	0.10198039	8.55	1.2	0.7	13.6	49.31	6.4	0.74	7.14	15.12	5.59	0.57	3.08	3.67	22.07940769	22.36950664	0	46.94115715	13.89806994	2.419343437	3688.95	81.44983099	10.88735593	3.338406443	1.576469709	3.002799446	1.887789357	0.264952892	2.848243592	0.154555854	1.413082092	0.163387617	1.23423889	0.125852624	0.680045757	0.810314262	94.6	90.4	61	-0.4	0.58791722	0.320487019	0.614823187	3.014810644
F-50179169-003S	F-50179169-003S_S73_L002_R1_001.fastq.gz	F-50179169-003S_S73_L002_R2_001.fastq.gz	LoCHO_FAT	2	LoCHO_FAT - LoCHO_PROT	T1	T-34-0hr	PRETZEL-3554946	PRETZEL	3554946	Neutered Male	2.065753425	9	B6-43-17	Beagle	9.58	9.6	9.3	9.9	0.6	0.216794834	0.096953597	5.66	0.58	1.7	14.2	30.94	4.6	0.97	5.57	32.76	10.32	1.77	4.35	6.22	34.9470828	35.93789592	21.50081142	37.2213922	3.298829333	0.557603929	4168.205	145.6666053	10.81262742	11.44866433	1.946552512	4.962485758	1.978004887	0.20269308	4.36838535	0.594100408	1.607565809	0.338986703	3.606538945	0.618563366	1.520198102	2.17370855	86.1	94.2	53	0.6	1.502955211	0.664022531	0.914879681	4.932710843
F-50179083-003S	F-50179083-003S_S40_L002_R1_001.fastq.gz	F-50179083-003S_S40_L002_R2_001.fastq.gz	HiCHO	2	LoCHO_FAT - LoCHO_PROT	Prefeed	P-27-0hr	PUB-153AC	PUB	153AC	Spayed Female	4.635616438	12.5	B7-52-09	Beagle	12.15	12.1	12	12.4	0.4	0.173205081	0.08660254	4.89	0.68	2.1	10.6	23.69	35.5	1.1	36.6	14.63	5.17	0.45	3.61	4.09	27.18365945	26.34009091	24.97042803	38.25392214	3.50255216	0.629076939	3767.895	102.4251745	6.439808924	3.976969378	9.949219359	2.881467902	1.329280947	0.184848884	2.310611054	0.570856848	9.650199105	0.299020254	1.405395194	0.122326468	0.981330106	1.111811672	89.7	89.8	88	2.3	0.663300319	0.405650877	1.193906323	2.81519414
F-50179141-003S	F-50179141-003S_S109_L002_R1_001.fastq.gz	F-50179141-003S_S109_L002_R2_001.fastq.gz	LoCHO_PROT	2	LoCHO_FAT - LoCHO_PROT	T2	T-69-0hr	PUB-153AC	PUB	153AC	Spayed Female	4.635616438	12.5	B7-52-09	Beagle	11.48	11.5	11.3	11.7	0.4	0.14832397	0.066332496	8.55	1.2	0.7	13.6	49.31	6.4	0.74	7.14	15.12	5.59	0.57	3.08	3.67	36.78968143	35.33513807	32.50668311	41.63417542	3.023495912	0.518525271	3688.95	135.7152953	18.14099191	5.562599832	2.626783254	5.003396674	3.145517762	0.441476177	4.745868904	0.25752777	2.354539611	0.272243643	2.056543192	0.209701184	1.133122188	1.350181308	94.6	90.4	61	-0.4	0.979613563	0.534009584	1.024445469	5.023410261
F-50179161-003S	F-50179161-003S_S74_L002_R1_001.fastq.gz	F-50179161-003S_S74_L002_R2_001.fastq.gz	LoCHO_FAT	2	LoCHO_FAT - LoCHO_PROT	T1	T-34-0hr	PUB-153AC	PUB	153AC	Spayed Female	4.635616438	12.5	B7-52-09	Beagle	11.48	11.6	11.1	11.7	0.6	0.238746728	0.106770783	5.66	0.58	1.7	14.2	30.94	4.6	0.97	5.57	32.76	10.32	1.77	4.35	6.22	23.92072916	23.07881253	20.16310528	28.28369939	1.621493621	0.274082447	4168.205	99.7065029	7.401073603	7.836430874	1.332384614	3.396743541	1.353913271	0.138740229	2.990091145	0.406652396	1.100353541	0.232031073	2.46861925	0.423396906	1.040551719	1.487869354	86.1	94.2	53	0.6	1.028749231	0.454512991	0.626220769	3.37636308
F-50179091-003S	F-50179091-003S_S41_L002_R1_001.fastq.gz	F-50179091-003S_S41_L002_R2_001.fastq.gz	HiCHO	2	LoCHO_FAT - LoCHO_PROT	Prefeed	P-27-0hr	RC-1535511	RC	1535511	Neutered Male	9.454794521	11.8	B5-21-20	Beagle	11.25	11.3	11	11.4	0.4	0.173205081	0.08660254	4.89	0.68	2.1	10.6	23.69	35.5	1.1	36.6	14.63	5.17	0.45	3.61	4.09	22.60312612	22.55308557	21.92099534	23.5095237	0.462991966	0.083155812	3767.895	85.1662059	5.354680578	3.306837352	8.272744161	2.395931369	1.105292867	0.153701258	1.92126572	0.474665649	8.024109774	0.248634387	1.168581621	0.101714068	0.815972853	0.924467858	89.7	89.8	88	2.3	0.5515321	0.33729741	0.992729299	2.340824948
F-50179207-003S	F-50179207-003S_S110_L002_R1_001.fastq.gz	F-50179207-003S_S110_L002_R2_001.fastq.gz	LoCHO_PROT	2	LoCHO_FAT - LoCHO_PROT	T2	T-69-0hr	RC-1535511	RC	1535511	Neutered Male	9.454794521	11.8	B5-21-20	Beagle	11.18	11.2	11	11.5	0.5	0.204939015	0.091651514	8.55	1.2	0.7	13.6	49.31	6.4	0.74	7.14	15.12	5.59	0.57	3.08	3.67	30.90047926	30.95972487	24.98050525	34.21500899	1.788622348	0.306746202	3688.95	113.990323	15.23702632	4.672152464	2.206294219	4.202465179	2.641990977	0.370805751	3.986161824	0.216303355	1.977630673	0.228663547	1.727336791	0.176132732	0.951734761	1.134047589	94.6	90.4	61	-0.4	0.822799421	0.448526637	0.860454745	4.21927504
F-50179205-003S	F-50179205-003S_S75_L002_R1_001.fastq.gz	F-50179205-003S_S75_L002_R2_001.fastq.gz	LoCHO_FAT	2	LoCHO_FAT - LoCHO_PROT	T1	T-34-0hr	RC-1535511	RC	1535511	Neutered Male	9.454794521	11.8	B5-21-20	Beagle	10.82	10.8	10.6	11	0.4	0.178885438	0.08	5.66	0.58	1.7	14.2	30.94	4.6	0.97	5.57	32.76	10.32	1.77	4.35	6.22	19.56510545	19.63894008	18.59323044	20.25664712	0.41675458	0.070444381	4168.205	81.55137037	6.053443627	6.409528546	1.089776374	2.778244974	1.107384969	0.113477612	2.445638181	0.332606793	0.899994851	0.189781523	2.019118883	0.346302367	0.851082087	1.216949559	86.1	94.2	53	0.6	0.841428664	0.371752656	0.512194896	2.761575504
F-50179135-003S	F-50179135-003S_S42_L002_R1_001.fastq.gz	F-50179135-003S_S42_L002_R2_001.fastq.gz	HiCHO	2	LoCHO_FAT - LoCHO_PROT	Prefeed	P-27-0hr	ROGUE-1569474	ROGUE	1569474	Spayed Female	9.317808219	9.3	B5-14-02	Beagle	9	9	8.8	9.2	0.4	0.182574186	0.091287093	4.89	0.68	2.1	10.6	23.69	35.5	1.1	36.6	14.63	5.17	0.45	3.61	4.09	18.14312689	16.7958361	14.55521947	31.53809508	4.407220881	0.791560237	3767.895	68.36139711	4.298106761	2.654339465	6.640384443	1.923171451	0.887198905	0.123373263	1.542165786	0.381005665	6.440810048	0.199574396	0.93799966	0.081644071	0.654966881	0.74205389	89.7	89.8	88	2.3	0.442704996	0.270742625	0.796846133	1.878938508
F-50179251-003S	F-50179251-003S_S111_L002_R1_001.fastq.gz	F-50179251-003S_S111_L002_R2_001.fastq.gz	LoCHO_PROT	2	LoCHO_FAT - LoCHO_PROT	T2	T-69-0hr	ROGUE-1569474	ROGUE	1569474	Spayed Female	9.317808219	9.3	B5-14-02	Beagle	8.46	8.5	8.3	8.6	0.3	0.114017543	0.050990195	8.55	1.2	0.7	13.6	49.31	6.4	0.74	7.14	15.12	5.59	0.57	3.08	3.67	29.50283387	33.64281261	12.85629354	35.1738476	6.99240528	1.199187612	3688.95	108.834479	14.54784738	4.460828482	2.106502339	4.012385407	2.522492296	0.354034006	3.80586557	0.206519837	1.888181368	0.218320971	1.649208413	0.168166153	0.908687283	1.082754003	94.6	90.4	61	-0.4	0.785583759	0.428239534	0.821535912	4.028434949
F-50179249-003S	F-50179249-003S_S76_L002_R1_001.fastq.gz	F-50179249-003S_S76_L002_R2_001.fastq.gz	LoCHO_FAT	2	LoCHO_FAT - LoCHO_PROT	T1	T-34-0hr	ROGUE-1569474	ROGUE	1569474	Spayed Female	9.317808219	9.3	B5-14-02	Beagle	8.22	8.2	8	8.5	0.5	0.228035085	0.10198039	5.66	0.58	1.7	14.2	30.94	4.6	0.97	5.57	32.76	10.32	1.77	4.35	6.22	16.88763522	15.46197929	13.57892339	20.84303628	2.759884415	0.466505611	4168.205	70.39112557	5.225034337	5.532389298	0.940641282	2.398044201	0.955840153	0.097948284	2.110954402	0.287089799	0.77683122	0.163810062	1.742803955	0.298911143	0.734612132	1.050410911	86.1	94.2	53	0.6	0.726279773	0.320878579	0.442101403	2.383655936
F-50179139-003S	F-50179139-003S_S43_L002_R1_001.fastq.gz	F-50179139-003S_S43_L002_R2_001.fastq.gz	HiCHO	1	LoCHO_PROT - LoCHO_FAT	Prefeed	P-27-0hr	SAUSAGE-3253997	SAUSAGE	3253997	Neutered Male	3.120547945	10.6	B5-11-12	Beagle	10.325	10.3	10.2	10.5	0.3	0.15	0.075	4.89	0.68	2.1	10.6	23.69	35.5	1.1	36.6	14.63	5.17	0.45	3.61	4.09	32.69078892	32.46256594	29.2594624	38.50488849	1.884767564	0.338514248	3767.895	123.1754601	7.744447894	4.782662418	11.96482874	3.465223625	1.598579578	0.222297365	2.778717058	0.686506567	11.60523006	0.359598678	1.690113787	0.14710855	1.18013748	1.337053267	89.7	89.8	88	2.3	0.797678133	0.487831567	1.435779449	3.385523482
F-50179257-003S	F-50179257-003S_S77_L002_R1_001.fastq.gz	F-50179257-003S_S77_L002_R2_001.fastq.gz	LoCHO_PROT	1	LoCHO_PROT - LoCHO_FAT	T1	T-34-0hr	SAUSAGE-3253997	SAUSAGE	3253997	Neutered Male	3.120547945	10.6	B5-11-12	Beagle	10.38	10.4	10.3	10.5	0.2	0.083666003	0.037416574	8.55	1.2	0.7	13.6	49.31	6.4	0.74	7.14	15.12	5.59	0.57	3.08	3.67	35.35906351	35.56689142	33.74223233	36.52509685	0.680509223	0.116706369	3688.95	130.4378173	17.43555422	5.346290403	2.524637135	4.808832638	3.02319993	0.424308762	4.561319193	0.247513445	2.262980065	0.26165707	1.97657165	0.201546662	1.089059156	1.297677631	94.6	90.4	61	-0.4	0.941519928	0.513243879	0.984608483	4.828067969
F-50179259-003S	F-50179259-003S_S112_L002_R1_001.fastq.gz	F-50179259-003S_S112_L002_R2_001.fastq.gz	LoCHO_FAT	1	LoCHO_PROT - LoCHO_FAT	T2	T-69-0hr	SAUSAGE-3253997	SAUSAGE	3253997	Neutered Male	3.120547945	10.6	B5-11-12	Beagle	9.86	9.8	9.6	10.2	0.6	0.279284801	0.12489996	5.66	0.58	1.7	14.2	30.94	4.6	0.97	5.57	32.76	10.32	1.77	4.35	6.22	29.69185512	28.14573536	27.26197973	33.55425997	2.468134429	0.417190863	4168.205	123.761739	9.186659973	9.727051736	1.65383633	4.216243427	1.680559	0.17221276	3.71148189	0.504761537	1.365825335	0.288010995	3.064199448	0.525545836	1.291595698	1.846833388	86.1	94.2	53	0.6	1.276945736	0.564169001	0.777303075	4.190945966
F-50179120-003S	F-50179120-003S_S44_L002_R1_001.fastq.gz	F-50179120-003S_S44_L002_R2_001.fastq.gz	HiCHO	1	LoCHO_PROT - LoCHO_FAT	Prefeed	P-27-0hr	SLIMJIM-3574556	SLIMJIM	3574556	Neutered Male	2.005479452	9.5	B6-44-15	Beagle	9.95	10	9.7	10.1	0.4	0.173205081	0.08660254	4.89	0.68	2.1	10.6	23.69	35.5	1.1	36.6	14.63	5.17	0.45	3.61	4.09	34.74762784	35.11385475	31.48115491	36.02354011	1.122088832	0.201533104	3767.895	130.9254132	8.231713036	5.083577953	12.71763179	3.683248551	1.699159001	0.236283869	2.953548366	0.729700185	12.33540788	0.382223906	1.796452359	0.156364325	1.254389365	1.421177979	89.7	89.8	88	2.3	0.847866443	0.518524951	1.526115815	3.598533834
F-50179217-003S	F-50179217-003S_S78_L002_R1_001.fastq.gz	F-50179217-003S_S78_L002_R2_001.fastq.gz	LoCHO_PROT	1	LoCHO_PROT - LoCHO_FAT	T1	T-34-0hr	SLIMJIM-3574556	SLIMJIM	3574556	Neutered Male	2.005479452	9.5	B6-44-15	Beagle	10.36	10.3	10.1	10.6	0.5	0.230217289	0.102956301	8.55	1.2	0.7	13.6	49.31	6.4	0.74	7.14	15.12	5.59	0.57	3.08	3.67	37.77910544	37.76800831	33.71260693	39.00778079	0.973051455	0.166876948	3688.95	139.365231	18.62887689	5.712200742	2.697428128	5.137958339	3.230113515	0.453349265	4.873504601	0.264453738	2.417862748	0.27956538	2.111851994	0.215340901	1.163596447	1.38649317	94.6	90.4	61	-0.4	1.005959352	0.548371271	1.05199697	5.158510172
F-50179219-003S	F-50179219-003S_S113_L002_R1_001.fastq.gz	F-50179219-003S_S113_L002_R2_001.fastq.gz	LoCHO_FAT	1	LoCHO_PROT - LoCHO_FAT	T2	T-69-0hr	SLIMJIM-3574556	SLIMJIM	3574556	Neutered Male	2.005479452	9.5	B6-44-15	Beagle	10.4	10.4	10.3	10.5	0.2	0.070710678	0.031622777	5.66	0.58	1.7	14.2	30.94	4.6	0.97	5.57	32.76	10.32	1.77	4.35	6.22	27.98732398	27.65471619	26.74438553	30.64030656	0.880738739	0.148872019	4168.205	116.6569037	8.659278039	9.168647336	1.558893946	3.974200005	1.584082537	0.162326479	3.498415497	0.475784508	1.287416903	0.271477043	2.888291835	0.495375634	1.217448593	1.740811552	86.1	94.2	53	0.6	1.203639647	0.531781545	0.732680155	3.950354805
F-50179081-003S	F-50179081-003S_S45_L002_R1_001.fastq.gz	F-50179081-003S_S45_L002_R2_001.fastq.gz	HiCHO	1	LoCHO_PROT - LoCHO_FAT	Prefeed	P-27-0hr	SNAPPLE-1535812	SNAPPLE	1535812	Spayed Female	9.454794521	7.4	B6-42-08	Beagle	7.575	7.6	7.4	7.7	0.3	0.15	0.075	4.89	0.68	2.1	10.6	23.69	35.5	1.1	36.6	14.63	5.17	0.45	3.61	4.09	28.85161027	28.97474099	24.01347076	30.503598	1.110730114	0.199493018	3767.895	108.7098381	6.834946473	4.220990582	10.55968936	3.058270688	1.410843742	0.19619095	2.452386872	0.605883816	10.24232165	0.317367713	1.491628251	0.129832246	1.041543131	1.18003086	89.7	89.8	88	2.3	0.703999487	0.430541039	1.267162723	2.987930462
F-50179157-003S	F-50179157-003S_S79_L002_R1_001.fastq.gz	F-50179157-003S_S79_L002_R2_001.fastq.gz	LoCHO_PROT	1	LoCHO_PROT - LoCHO_FAT	T1	T-34-0hr	SNAPPLE-1535812	SNAPPLE	1535812	Spayed Female	9.454794521	7.4	B6-42-08	Beagle	7.4	7.4	7.3	7.5	0.2	0.070710678	0.031622777	8.55	1.2	0.7	13.6	49.31	6.4	0.74	7.14	15.12	5.59	0.57	3.08	3.67	26.13221537	26.39019472	16.93907935	32.31798034	4.908634723	0.84182391	3688.95	96.40043588	12.8857954	3.951190964	1.865840177	3.55398129	2.234304414	0.313586584	3.371055782	0.182925508	1.672461784	0.193378394	1.460790839	0.148953628	0.804872233	0.959052304	94.6	90.4	61	-0.4	0.695832952	0.379314333	0.727677669	3.568197215
F-50179159-003S	F-50179159-003S_S114_L002_R1_001.fastq.gz	F-50179159-003S_S114_L002_R2_001.fastq.gz	LoCHO_FAT	1	LoCHO_PROT - LoCHO_FAT	T2	T-69-0hr	SNAPPLE-1535812	SNAPPLE	1535812	Spayed Female	9.454794521	7.4	B6-42-08	Beagle	7.16	7.2	7.1	7.2	0.1	0.054772256	0.024494897	5.66	0.58	1.7	14.2	30.94	4.6	0.97	5.57	32.76	10.32	1.77	4.35	6.22	25.34801846	25.48112805	23.20602733	26.39116834	0.861842258	0.14567793	4168.205	105.6557373	7.842676911	8.304010847	1.411884628	3.599418621	1.434697845	0.147018507	3.168502307	0.430916314	1.166008849	0.245875779	2.615915505	0.448659927	1.102638803	1.576646748	86.1	94.2	53	0.6	1.090132091	0.481632629	0.663585775	3.577822109
F-50179105-003S	F-50179105-003S_S46_L002_R1_001.fastq.gz	F-50179105-003S_S46_L002_R2_001.fastq.gz	HiCHO	1	LoCHO_PROT - LoCHO_FAT	Prefeed	P-27-0hr	SOONER-CFGCPT	SOONER	CFGCPT	Spayed Female	5.284931507	9	B6-44-04	Beagle	8.375	8.35	8.2	8.6	0.4	0.170782513	0.085391256	4.89	0.68	2.1	10.6	23.69	35.5	1.1	36.6	14.63	5.17	0.45	3.61	4.09	32.86670101	32.42727974	30.54227099	41.65491298	2.689450408	0.483039553	3767.895	123.8382784	7.786121469	4.808398358	12.02921257	3.483870307	1.607181679	0.223493567	2.793669586	0.690200721	11.66767886	0.361533711	1.699208442	0.147900155	1.186487906	1.344248071	89.7	89.8	88	2.3	0.801970511	0.490456633	1.443505508	3.40374129
F-50179182-003S	F-50179182-003S_S80_L002_R1_001.fastq.gz	F-50179182-003S_S80_L002_R2_001.fastq.gz	LoCHO_PROT	1	LoCHO_PROT - LoCHO_FAT	T1	T-34-0hr	SOONER-CFGCPT	SOONER	CFGCPT	Spayed Female	5.284931507	9	B6-44-04	Beagle	8.52	8.6	8.2	8.8	0.6	0.258843582	0.115758369	8.55	1.2	0.7	13.6	49.31	6.4	0.74	7.14	15.12	5.59	0.57	3.08	3.67	33.99433768	35.08619506	8.384463672	36.24078111	4.987074594	0.855276237	3688.95	125.403412	16.76260791	5.139943857	2.42719571	4.623229924	2.906515872	0.407932052	4.38526956	0.237960364	2.175637612	0.251558099	1.900283476	0.193767725	1.047025601	1.247592193	94.6	90.4	61	-0.4	0.905180827	0.49343461	0.946606327	4.641722844
F-50179184-003S	F-50179184-003S_S115_L002_R1_001.fastq.gz	F-50179184-003S_S115_L002_R2_001.fastq.gz	LoCHO_FAT	1	LoCHO_PROT - LoCHO_FAT	T2	T-69-0hr	SOONER-CFGCPT	SOONER	CFGCPT	Spayed Female	5.284931507	9	B6-44-04	Beagle	8.16	8.1	8	8.5	0.5	0.194935887	0.087177979	5.66	0.58	1.7	14.2	30.94	4.6	0.97	5.57	32.76	10.32	1.77	4.35	6.22	29.80145121	28.38025401	-0.195721257	35.6149506	6.265257861	1.059021868	4168.205	124.2185579	9.220569003	9.762955415	1.659940832	4.231806071	1.686762138	0.172848417	3.7251814	0.506624671	1.370866755	0.289074077	3.075509764	0.527485686	1.296363127	1.853650265	86.1	94.2	53	0.6	1.281659091	0.566251414	0.780172191	4.206415235
F-50179095-003S	F-50179095-003S_S47_L002_R1_001.fastq.gz	F-50179095-003S_S47_L002_R2_001.fastq.gz	HiCHO	1	LoCHO_PROT - LoCHO_FAT	Prefeed	P-27-0hr	TANDA-2329353	TANDA	2329353	Spayed Female	6.328767123	8.2	B7-54-15	Beagle	7.525	7.5	7.5	7.6	0.1	0.05	0.025	4.89	0.68	2.1	10.6	23.69	35.5	1.1	36.6	14.63	5.17	0.45	3.61	4.09	33.1377818	33.98010944	27.96403104	41.80670189	4.132289309	0.742181069	3767.895	124.8596824	7.850340509	4.848057477	12.12842814	3.512604871	1.62043753	0.225336916	2.816711453	0.695893418	11.76391254	0.3645156	1.713223319	0.149120018	1.196273923	1.355335276	89.7	89.8	88	2.3	0.808585072	0.494501863	1.455411377	3.431814959
F-50179188-003S	F-50179188-003S_S81_L002_R1_001.fastq.gz	F-50179188-003S_S81_L002_R2_001.fastq.gz	LoCHO_PROT	1	LoCHO_PROT - LoCHO_FAT	T1	T-34-0hr	TANDA-2329353	TANDA	2329353	Spayed Female	6.328767123	8.2	B7-54-15	Beagle	8	8	7.6	8.3	0.7	0.273861279	0.122474487	8.55	1.2	0.7	13.6	49.31	6.4	0.74	7.14	15.12	5.59	0.57	3.08	3.67	43.63471499	44.77965356	37.0692103	46.05103711	2.712334794	0.46516158	3688.95	160.9662819	21.51627796	6.597568907	3.115518651	5.934321239	3.730768132	0.52361658	5.628878234	0.305443005	2.79262176	0.322896891	2.439180568	0.248717875	1.343949222	1.60139404	94.6	90.4	61	-0.4	1.16187901	0.633366615	1.215052274	5.958058524
F-50179190-003S	F-50179190-003S_S116_L002_R1_001.fastq.gz	F-50179190-003S_S116_L002_R2_001.fastq.gz	LoCHO_FAT	1	LoCHO_PROT - LoCHO_FAT	T2	T-69-0hr	TANDA-2329353	TANDA	2329353	Spayed Female	6.328767123	8.2	B7-54-15	Beagle	8.06	8.1	7.7	8.4	0.7	0.270185122	0.12083046	5.66	0.58	1.7	14.2	30.94	4.6	0.97	5.57	32.76	10.32	1.77	4.35	6.22	33.98029932	33.44063223	32.60593795	35.91203736	1.246325382	0.21066744	4168.205	141.6368535	10.51350461	11.13194606	1.892702672	4.825202503	1.923284941	0.197085736	4.247537415	0.577665088	1.563093769	0.329608903	3.506766889	0.601451298	1.47814302	2.113574617	86.1	94.2	53	0.6	1.461377141	0.645652871	0.889570256	4.796251288
F-50179089-003S	F-50179089-003S_S48_L002_R1_001.fastq.gz	F-50179089-003S_S48_L002_R2_001.fastq.gz	HiCHO	1	LoCHO_PROT - LoCHO_FAT	Prefeed	P-27-0hr	VIXEY-CJS-1	VIXEY	CJS-1	Spayed Female	8.095890411	8.8	B7-53-19	Beagle	8.65	8.7	8.5	8.7	0.2	0.1	0.05	4.89	0.68	2.1	10.6	23.69	35.5	1.1	36.6	14.63	5.17	0.45	3.61	4.09	20.67805827	20.92504621	18.75357915	21.7146706	0.856326194	0.153800725	3767.895	77.91275236	4.898632004	3.025199925	7.568169326	2.191874177	1.011157049	0.140610796	1.757634953	0.434239224	7.340710685	0.227458641	1.069055613	0.093051262	0.746477904	0.845732583	89.7	89.8	88	2.3	0.504559096	0.308570392	0.908180319	2.141461071
F-50179201-003S	F-50179201-003S_S82_L002_R1_001.fastq.gz	F-50179201-003S_S82_L002_R2_001.fastq.gz	LoCHO_PROT	1	LoCHO_PROT - LoCHO_FAT	T1	T-34-0hr	VIXEY-CJS-1	VIXEY	CJS-1	Spayed Female	8.095890411	8.8	B7-53-19	Beagle	8.7	8.7	8.6	8.8	0.2	0.070710678	0.031622777	8.55	1.2	0.7	13.6	49.31	6.4	0.74	7.14	15.12	5.59	0.57	3.08	3.67	22.51155462	22.40536848	21.33361699	23.49132546	0.579559333	0.099393606	3688.95	83.0439994	11.10044758	3.403747058	1.607325	3.061571428	1.92473792	0.270138655	2.903990546	0.157580882	1.440739495	0.166585504	1.258395903	0.128315861	0.693355882	0.826174054	94.6	90.4	61	-0.4	0.599424169	0.326759718	0.62685675	3.073817714
F-50179203-003S	F-50179203-003S_S117_L002_R1_001.fastq.gz	F-50179203-003S_S117_L002_R2_001.fastq.gz	LoCHO_FAT	1	LoCHO_PROT - LoCHO_FAT	T2	T-69-0hr	VIXEY-CJS-1	VIXEY	CJS-1	Spayed Female	8.095890411	8.8	B7-53-19	Beagle	8.44	8.4	8.2	8.7	0.5	0.207364414	0.092736185	5.66	0.58	1.7	14.2	30.94	4.6	0.97	5.57	32.76	10.32	1.77	4.35	6.22	18.11893787	18.31951572	15.80829887	18.64568585	0.570884078	0.096497022	4168.205	75.52344742	5.605999376	5.935764046	1.009224839	2.572889177	1.025531883	0.10508984	2.264867233	0.308021944	0.833471142	0.175753697	1.869874388	0.3207052	0.788173797	1.126997935	86.1	94.2	53	0.6	0.779233913	0.344274315	0.474335674	2.557451842
F-50179093-003S	F-50179093-003S_S49_L002_R1_001.fastq.gz	F-50179093-003S_S49_L002_R2_001.fastq.gz	HiCHO	2	LoCHO_FAT - LoCHO_PROT	Prefeed	P-27-0hr	WOBBLE-147AE	WOBBLE	147AE	Spayed Female	5.328767123	10.8	B5-23-20	Beagle	10.075	10.05	10	10.2	0.2	0.095742711	0.047871355	4.89	0.68	2.1	10.6	23.69	35.5	1.1	36.6	14.63	5.17	0.45	3.61	4.09	27.16931693	26.82888091	24.87930336	32.5425132	1.6604537	0.298226288	3767.895	102.3711334	6.43641118	3.974871066	9.943969995	2.879947594	1.328579598	0.184751355	2.309391939	0.570555655	9.645107509	0.298862486	1.404653685	0.122261926	0.980812341	1.111225062	89.7	89.8	88	2.3	0.662950352	0.405436849	1.193276399	2.813708799
F-50179211-003S	F-50179211-003S_S118_L002_R1_001.fastq.gz	F-50179211-003S_S118_L002_R2_001.fastq.gz	LoCHO_PROT	2	LoCHO_FAT - LoCHO_PROT	T2	T-69-0hr	WOBBLE-147AE	WOBBLE	147AE	Spayed Female	5.328767123	10.8	B5-23-20	Beagle	9.88	9.8	9.7	10.1	0.4	0.164316767	0.073484692	8.55	1.2	0.7	13.6	49.31	6.4	0.74	7.14	15.12	5.59	0.57	3.08	3.67	34.74778141	34.99012594	30.7120084	36.02354011	1.073769408	0.184149934	3688.95	128.1828282	17.13413101	5.253864549	2.480991593	4.725698272	2.970935311	0.416973377	4.482463802	0.24323447	2.22385801	0.257133582	1.942400981	0.198062354	1.070231667	1.275243578	94.6	90.4	61	-0.4	0.925243075	0.504370997	0.967586721	4.744601065
F-50179209-003S	F-50179209-003S_S83_L002_R1_001.fastq.gz	F-50179209-003S_S83_L002_R2_001.fastq.gz	LoCHO_FAT	2	LoCHO_FAT - LoCHO_PROT	T1	T-34-0hr	WOBBLE-147AE	WOBBLE	147AE	Spayed Female	5.328767123	10.8	B5-23-20	Beagle	9.78	9.8	9.5	10	0.5	0.192353841	0.086023253	5.66	0.58	1.7	14.2	30.94	4.6	0.97	5.57	32.76	10.32	1.77	4.35	6.22	22.447332	22.58414851	20.19501491	23.29003566	0.719659002	0.121644574	4168.205	93.56508149	6.945204521	7.353745964	1.250316392	3.187521144	1.270518991	0.130194526	2.8059165	0.381604644	1.032577272	0.21773912	2.316564663	0.397317776	0.976458942	1.396224051	86.1	94.2	53	0.6	0.965383428	0.426517266	0.587648704	3.168396017
F-50179073-003S	F-50179073-003S_S50_L002_R1_001.fastq.gz	F-50179073-003S_S50_L002_R2_001.fastq.gz	HiCHO	1	LoCHO_PROT - LoCHO_FAT	Prefeed	P-27-0hr	ZERO-1032003	ZERO	1032003	Spayed Female	9.575342466	10.5	B5-21-15	Beagle	9.875	9.85	9.7	10.1	0.4	0.170782513	0.085391256	4.89	0.68	2.1	10.6	23.69	35.5	1.1	36.6	14.63	5.17	0.45	3.61	4.09	23.538065	22.74213391	22.02623528	31.6533735	2.545940531	0.457264418	3767.895	88.68895741	5.576167597	3.443618909	8.614931788	2.49503489	1.151011378	0.160058842	2.000735525	0.494299365	8.356013073	0.258918715	1.21691796	0.105921292	0.849724146	0.962706858	89.7	89.8	88	2.3	0.574345262	0.351249129	1.033791815	2.437649088
F-50179165-003S	F-50179165-003S_S84_L002_R1_001.fastq.gz	F-50179165-003S_S84_L002_R2_001.fastq.gz	LoCHO_PROT	1	LoCHO_PROT - LoCHO_FAT	T1	T-34-0hr	ZERO-1032003	ZERO	1032003	Spayed Female	9.575342466	10.5	B5-21-15	Beagle	9.72	9.7	9.6	9.8	0.2	0.083666003	0.037416574	8.55	1.2	0.7	13.6	49.31	6.4	0.74	7.14	15.12	5.59	0.57	3.08	3.67	24.22967777	24.38642937	19.64920369	25.11985582	1.048083987	0.179744921	3688.95	89.38206981	11.94765411	3.663527279	1.729998993	3.295236177	2.071637449	0.290756133	3.125628433	0.169607744	1.550699377	0.179299615	1.354438987	0.138109163	0.746274075	0.889229174	94.6	90.4	61	-0.4	0.645173322	0.351698619	0.674699607	3.308417122
F-50179167-003S	F-50179167-003S_S119_L002_R1_001.fastq.gz	F-50179167-003S_S119_L002_R2_001.fastq.gz	LoCHO_FAT	1	LoCHO_PROT - LoCHO_FAT	T2	T-69-0hr	ZERO-1032003	ZERO	1032003	Spayed Female	9.575342466	10.5	B5-21-15	Beagle	9.86	9.8	9.7	10	0.3	0.134164079	0.06	5.66	0.58	1.7	14.2	30.94	4.6	0.97	5.57	32.76	10.32	1.77	4.35	6.22	26.33094856	26.19893826	24.56150462	27.38550291	0.524888869	0.088722412	4168.205	109.7527915	8.146795486	8.62601875	1.466633835	3.738994696	1.490331689	0.152719502	3.29136857	0.447626126	1.211223634	0.255410201	2.717353892	0.46605779	1.145396263	1.637785001	86.1	94.2	53	0.6	1.132404573	0.500309088	0.689317902	3.716560728
